Chart,1,source/org/jfree/chart/renderer/category/AbstractCategoryItemRenderer.java,1790
Chart,1,source/org/jfree/chart/plot/CategoryPlot.java,2235
Chart,1,source/org/jfree/chart/renderer/category/AbstractCategoryItemRenderer.java,1801
Chart,1,source/org/jfree/chart/renderer/xy/AbstractXYItemRenderer.java,984
Chart,1,source/org/jfree/chart/renderer/category/AbstractCategoryItemRenderer.java,1417
Chart,1,source/org/jfree/chart/plot/XYPlot.java,5391
Chart,1,source/org/jfree/chart/renderer/category/AbstractCategoryItemRenderer.java,1812
Chart,1,source/org/jfree/chart/renderer/category/AbstractCategoryItemRenderer.java,1811
Chart,1,source/org/jfree/chart/plot/CombinedDomainCategoryPlot.java,2235
Chart,1,source/org/jfree/chart/renderer/category/AbstractCategoryItemRenderer.java,1802
Chart,11,source/org/jfree/chart/renderer/xy/XYLineAndShapeRenderer.java,680
Chart,11,source/org/jfree/chart/util/ShapeUtilities.java,140
Chart,11,source/org/jfree/chart/renderer/xy/XYLineAndShapeRenderer.java,677
Chart,11,source/org/jfree/chart/util/ShapeUtilities.java,137
Chart,11,source/org/jfree/chart/renderer/xy/XYLineAndShapeRenderer.java,1170
Chart,11,source/org/jfree/chart/util/ShapeUtilities.java,134
Chart,11,source/org/jfree/chart/renderer/xy/XYLineAndShapeRenderer.java,916
Chart,11,source/org/jfree/chart/util/ShapeUtilities.java,131
Chart,11,source/org/jfree/chart/renderer/xy/XYLineAndShapeRenderer.java,724
Chart,11,source/org/jfree/chart/util/ShapeUtilities.java,141
Chart,12,source/org/jfree/chart/plot/MultiplePiePlot.java,568
Chart,12,source/org/jfree/chart/plot/MultiplePiePlot.java,330
Chart,12,source/org/jfree/chart/plot/MultiplePiePlot.java,329
Chart,12,source/org/jfree/chart/plot/MultiplePiePlot.java,565
Chart,12,source/org/jfree/chart/ChartFactory.java,732
Chart,12,source/org/jfree/chart/plot/MultiplePiePlot.java,561
Chart,12,source/org/jfree/chart/plot/MultiplePiePlot.java,2093
Chart,12,source/org/jfree/chart/ChartFactory.java,622
Chart,12,source/org/jfree/chart/plot/MultiplePiePlot.java,2253
Chart,12,source/org/jfree/chart/plot/MultiplePiePlot.java,395
Chart,9,source/org/jfree/data/time/TimeSeries.java,877
Chart,9,source/org/jfree/data/time/TimeSeries.java,919
Chart,9,source/org/jfree/data/time/TimeSeries.java,947
Chart,9,source/org/jfree/data/time/TimeSeries.java,889
Chart,9,source/org/jfree/data/time/TimeSeries.java,888
Chart,9,source/org/jfree/data/time/TimeSeries.java,893
Chart,9,source/org/jfree/data/time/TimeSeries.java,768
Chart,9,source/org/jfree/data/time/TimeSeries.java,764
Chart,9,source/org/jfree/data/time/TimePeriodValues.java,495
Chart,9,source/org/jfree/data/time/TimeSeries.java,494
Cli,25,src/java/org/apache/commons/cli/HelpFormatter.java,397
Cli,25,src/java/org/apache/commons/cli/HelpFormatter.java,396
Cli,25,src/java/org/apache/commons/cli/HelpFormatter.java,333
Cli,25,src/java/org/apache/commons/cli/HelpFormatter.java,334
Cli,25,src/java/org/apache/commons/cli/HelpFormatter.java,443
Cli,25,src/java/org/apache/commons/cli/HelpFormatter.java,442
Cli,25,src/java/org/apache/commons/cli/HelpFormatter.java,364
Cli,25,src/java/org/apache/commons/cli/HelpFormatter.java,363
Cli,25,src/java/org/apache/commons/cli/HelpFormatter.java,381
Cli,25,src/java/org/apache/commons/cli/HelpFormatter.java,380
Cli,28,src/java/org/apache/commons/cli/HelpFormatter.java,107
Cli,28,src/java/org/apache/commons/cli/DefaultParser.java,103
Cli,28,src/java/org/apache/commons/cli/Parser.java,103
Cli,28,src/java/org/apache/commons/cli/HelpFormatter.java,502
Cli,28,src/java/org/apache/commons/cli/HelpFormatter.java,366
Cli,28,src/java/org/apache/commons/cli/DefaultParser.java,102
Cli,28,src/java/org/apache/commons/cli/HelpFormatter.java,365
Cli,28,src/java/org/apache/commons/cli/Parser.java,102
Cli,28,src/java/org/apache/commons/cli/HelpFormatter.java,501
Cli,28,src/java/org/apache/commons/cli/DefaultParser.java,253
Cli,40,src/main/java/org/apache/commons/cli/TypeHandler.java,65
Cli,40,src/main/java/org/apache/commons/cli/TypeHandler.java,64
Cli,40,src/main/java/org/apache/commons/cli/TypeHandler.java,69
Cli,40,src/main/java/org/apache/commons/cli/TypeHandler.java,77
Cli,40,src/main/java/org/apache/commons/cli/TypeHandler.java,73
Cli,40,src/main/java/org/apache/commons/cli/TypeHandler.java,81
Cli,40,src/main/java/org/apache/commons/cli/TypeHandler.java,85
Cli,40,src/main/java/org/apache/commons/cli/TypeHandler.java,89
Cli,40,src/main/java/org/apache/commons/cli/TypeHandler.java,93
Cli,40,src/main/java/org/apache/commons/cli/TypeHandler.java,63
Closure,10,src/com/google/javascript/jscomp/ant/CompileTask.java,149
Closure,10,src/com/google/javascript/jscomp/PhaseOptimizer.java,385
Closure,10,src/com/google/javascript/jscomp/AbstractCommandLineRunner.java,679
Closure,10,src/com/google/javascript/jscomp/ant/CompileTask.java,148
Closure,10,src/com/google/javascript/jscomp/ant/CompileTask.java,396
Closure,10,src/com/google/javascript/jscomp/AbstractCommandLineRunner.java,677
Closure,10,src/com/google/javascript/jscomp/ant/CompileTask.java,399
Closure,10,src/com/google/javascript/jscomp/AbstractCommandLineRunner.java,678
Closure,10,src/com/google/javascript/jscomp/ant/CompileTask.java,398
Closure,10,src/com/google/javascript/jscomp/PhaseOptimizer.java,383
Closure,104,src/com/google/javascript/jscomp/NameAnalyzer.java,1183
Closure,104,src/com/google/javascript/jscomp/AliasStrings.java,429
Closure,104,src/com/google/javascript/jscomp/CodeGenerator.java,106
Closure,104,src/com/google/javascript/jscomp/NameAnalyzer.java,1188
Closure,104,src/com/google/javascript/jscomp/NameAnalyzer.java,1017
Closure,104,src/com/google/javascript/jscomp/CodeGenerator.java,705
Closure,104,src/com/google/javascript/jscomp/NameAnalyzer.java,1294
Closure,104,src/com/google/javascript/jscomp/CodeGenerator.java,200
Closure,104,src/com/google/javascript/jscomp/NameAnalyzer.java,952
Closure,104,src/com/google/javascript/jscomp/CodeGenerator.java,184
Closure,113,src/com/google/debugging/sourcemap/SourceMapGeneratorV2.java,555
Closure,113,src/com/google/javascript/jscomp/ProcessClosurePrimitives.java,161
Closure,113,src/com/google/debugging/sourcemap/SourceMapGeneratorV2.java,551
Closure,113,src/com/google/javascript/jscomp/ProcessClosurePrimitives.java,150
Closure,113,src/com/google/debugging/sourcemap/SourceMapGeneratorV2.java,577
Closure,113,src/com/google/javascript/jscomp/ProcessClosurePrimitives.java,138
Closure,113,src/com/google/debugging/sourcemap/SourceMapGeneratorV2.java,561
Closure,113,src/com/google/javascript/jscomp/ProcessClosurePrimitives.java,172
Closure,113,src/com/google/debugging/sourcemap/SourceMapGeneratorV2.java,557
Closure,113,src/com/google/javascript/jscomp/ProcessClosurePrimitives.java,215
Closure,114,src/com/google/javascript/jscomp/Tracer.java,504
Closure,114,src/com/google/javascript/jscomp/webservice/common/Protocol.java,310
Closure,114,src/com/google/javascript/jscomp/Compiler.java,227
Closure,114,src/com/google/javascript/jscomp/Tracer.java,494
Closure,114,src/com/google/javascript/jscomp/Tracer.java,502
Closure,114,src/com/google/javascript/jscomp/webservice/common/Protocol.java,309
Closure,114,src/com/google/javascript/jscomp/Tracer.java,503
Closure,114,src/com/google/javascript/jscomp/Compiler.java,103
Closure,114,src/com/google/javascript/jscomp/Tracer.java,235
Closure,114,src/com/google/javascript/jscomp/Compiler.java,102
Closure,123,src/com/google/javascript/jscomp/CompilerOptions.java,884
Closure,123,src/com/google/javascript/jscomp/AbstractCommandLineRunner.java,717
Closure,123,src/com/google/javascript/jscomp/CompilerOptions.java,906
Closure,123,src/com/google/javascript/jscomp/AbstractCommandLineRunner.java,716
Closure,123,src/com/google/javascript/jscomp/CompilerOptions.java,1978
Closure,123,src/com/google/javascript/jscomp/AbstractCommandLineRunner.java,715
Closure,123,src/com/google/javascript/jscomp/CommandLineRunner.java,717
Closure,123,src/com/google/javascript/jscomp/CompilerOptions.java,1977
Closure,123,src/com/google/javascript/jscomp/CompilerOptions.java,2107
Closure,123,src/com/google/javascript/jscomp/CommandLineRunner.java,716
Closure,125,src/com/google/javascript/jscomp/Compiler.java,227
Closure,125,src/com/google/javascript/jscomp/Compiler.java,103
Closure,125,src/com/google/javascript/jscomp/Compiler.java,226
Closure,125,src/com/google/javascript/jscomp/Compiler.java,102
Closure,125,src/com/google/javascript/jscomp/AbstractCommandLineRunner.java,137
Closure,125,src/com/google/javascript/jscomp/Compiler.java,2584
Closure,125,src/com/google/javascript/jscomp/Compiler.java,205
Closure,125,src/com/google/javascript/jscomp/AbstractCommandLineRunner.java,139
Closure,125,src/com/google/javascript/jscomp/Compiler.java,2582
Closure,125,src/com/google/javascript/jscomp/AbstractCommandLineRunner.java,717
Closure,13,src/com/google/javascript/jscomp/NameAnalyzer.java,471
Closure,13,src/com/google/javascript/jscomp/AbstractCommandLineRunner.java,1274
Closure,13,src/com/google/javascript/jscomp/NameAnalyzer.java,1502
Closure,13,src/com/google/javascript/jscomp/NameAnalyzer.java,1431
Closure,13,src/com/google/javascript/jscomp/AbstractCommandLineRunner.java,1275
Closure,13,src/com/google/javascript/jscomp/CompilerOptions.java,779
Closure,13,src/com/google/javascript/jscomp/NameAnalyzer.java,478
Closure,13,src/com/google/javascript/jscomp/NameAnalyzer.java,1147
Closure,13,src/com/google/javascript/jscomp/NameAnalyzer.java,1467
Closure,13,src/com/google/javascript/jscomp/AbstractCommandLineRunner.java,1227
Closure,130,src/com/google/javascript/jscomp/CompilerOptions.java,854
Closure,130,src/com/google/javascript/jscomp/DefaultPassConfig.java,1483
Closure,130,src/com/google/javascript/jscomp/CompilerOptions.java,1367
Closure,130,src/com/google/javascript/jscomp/DefaultPassConfig.java,1484
Closure,130,src/com/google/javascript/jscomp/TypedScopeCreator.java,461
Closure,130,src/com/google/javascript/jscomp/CompilerOptions.java,1196
Closure,130,src/com/google/javascript/jscomp/CompilerOptions.java,1195
Closure,130,src/com/google/javascript/jscomp/DefaultPassConfig.java,1487
Closure,130,src/com/google/javascript/jscomp/CompilerOptions.java,1369
Closure,130,src/com/google/javascript/jscomp/DefaultPassConfig.java,1486
Closure,14,src/com/google/javascript/jscomp/ControlFlowAnalysis.java,764
Closure,14,src/com/google/javascript/jscomp/CheckMissingReturn.java,37
Closure,14,src/com/google/javascript/jscomp/ControlFlowAnalysis.java,926
Closure,14,src/com/google/javascript/jscomp/CheckMissingReturn.java,92
Closure,14,src/com/google/javascript/jscomp/ControlFlowAnalysis.java,925
Closure,14,src/com/google/javascript/jscomp/CheckMissingReturn.java,38
Closure,14,src/com/google/javascript/jscomp/ControlFlowAnalysis.java,757
Closure,14,src/com/google/javascript/jscomp/CheckMissingReturn.java,40
Closure,14,src/com/google/javascript/jscomp/ControlFlowAnalysis.java,750
Closure,14,src/com/google/javascript/jscomp/CheckMissingReturn.java,102
Closure,168,src/com/google/javascript/jscomp/CodingConventions.java,225
Closure,168,src/com/google/javascript/jscomp/TypeCheck.java,1243
Closure,168,src/com/google/javascript/jscomp/CodingConventions.java,224
Closure,168,src/com/google/javascript/jscomp/TypeCheck.java,1231
Closure,168,src/com/google/javascript/jscomp/CodingConventions.java,432
Closure,168,src/com/google/javascript/jscomp/CodingConventions.java,424
Closure,168,src/com/google/javascript/jscomp/CodingConventions.java,431
Closure,168,src/com/google/javascript/jscomp/TypeCheck.java,234
Closure,168,src/com/google/javascript/jscomp/TypedScopeCreator.java,1158
Closure,168,src/com/google/javascript/jscomp/CodingConventions.java,313
Closure,18,src/com/google/javascript/jscomp/JSModuleGraph.java,358
Closure,18,src/com/google/javascript/jscomp/JSModuleGraph.java,337
Closure,18,src/com/google/javascript/jscomp/CompilerOptions.java,1318
Closure,18,src/com/google/javascript/jscomp/JSModuleGraph.java,316
Closure,18,src/com/google/javascript/jscomp/AbstractCommandLineRunner.java,230
Closure,18,src/com/google/javascript/jscomp/JSModuleGraph.java,357
Closure,18,src/com/google/javascript/jscomp/JSModuleGraph.java,314
Closure,18,src/com/google/javascript/jscomp/JSModuleGraph.java,290
Closure,18,src/com/google/javascript/jscomp/JSModuleGraph.java,338
Closure,18,src/com/google/javascript/jscomp/AbstractCommandLineRunner.java,241
Closure,38,src/com/google/javascript/jscomp/CommandLineRunner.java,703
Closure,38,src/com/google/javascript/jscomp/Compiler.java,1983
Closure,38,src/com/google/javascript/jscomp/CommandLineRunner.java,618
Closure,38,src/com/google/javascript/jscomp/CommandLineRunner.java,739
Closure,38,src/com/google/javascript/jscomp/Compiler.java,1982
Closure,38,src/com/google/javascript/jscomp/CommandLineRunner.java,725
Closure,38,src/com/google/javascript/jscomp/Compiler.java,1984
Closure,38,src/com/google/javascript/jscomp/CommandLineRunner.java,731
Closure,38,src/com/google/javascript/jscomp/CommandLineRunner.java,724
Closure,38,src/com/google/javascript/jscomp/CommandLineRunner.java,274
Closure,51,src/com/google/debugging/sourcemap/SourceMapGeneratorV2.java,555
Closure,51,src/com/google/javascript/jscomp/AbstractCommandLineRunner.java,618
Closure,51,src/com/google/debugging/sourcemap/SourceMapGeneratorV2.java,551
Closure,51,src/com/google/javascript/jscomp/AbstractCommandLineRunner.java,617
Closure,51,src/com/google/debugging/sourcemap/SourceMapGeneratorV2.java,577
Closure,51,src/com/google/javascript/jscomp/AbstractCommandLineRunner.java,615
Closure,51,src/com/google/debugging/sourcemap/SourceMapGeneratorV2.java,561
Closure,51,src/com/google/javascript/jscomp/AbstractCommandLineRunner.java,521
Closure,51,src/com/google/debugging/sourcemap/SourceMapGeneratorV2.java,557
Closure,51,src/com/google/javascript/jscomp/AbstractCommandLineRunner.java,520
Closure,52,src/com/google/javascript/jscomp/CollapseProperties.java,705
Closure,52,src/com/google/javascript/rhino/ScriptRuntime.java,155
Closure,52,src/com/google/javascript/jscomp/CollapseProperties.java,706
Closure,52,src/com/google/javascript/rhino/ScriptRuntime.java,222
Closure,52,src/com/google/javascript/jscomp/CollapseProperties.java,769
Closure,52,src/com/google/javascript/rhino/ScriptRuntime.java,204
Closure,52,src/com/google/javascript/jscomp/CollapseProperties.java,755
Closure,52,src/com/google/javascript/rhino/ScriptRuntime.java,202
Closure,52,src/com/google/javascript/jscomp/CollapseProperties.java,707
Closure,52,src/com/google/javascript/rhino/ScriptRuntime.java,152
Closure,57,src/com/google/javascript/jscomp/Compiler.java,1832
Closure,57,src/com/google/javascript/jscomp/Compiler.java,1834
Closure,57,src/com/google/javascript/jscomp/Compiler.java,1833
Closure,57,src/com/google/javascript/rhino/Kit.java,61
Closure,57,src/com/google/javascript/jscomp/Compiler.java,1835
Closure,57,src/com/google/javascript/rhino/Context.java,1062
Closure,57,src/com/google/javascript/jscomp/Compiler.java,583
Closure,57,src/com/google/javascript/jscomp/Compiler.java,1372
Closure,57,src/com/google/javascript/jscomp/Compiler.java,1371
Closure,57,src/com/google/javascript/jscomp/Compiler.java,1346
Closure,62,src/com/google/javascript/jscomp/Compiler.java,1764
Closure,62,src/com/google/javascript/jscomp/Compiler.java,1763
Closure,62,src/com/google/javascript/jscomp/Compiler.java,1765
Closure,62,src/com/google/javascript/jscomp/Compiler.java,1762
Closure,62,src/com/google/javascript/jscomp/AbstractCommandLineRunner.java,284
Closure,62,src/com/google/javascript/jscomp/Compiler.java,1254
Closure,62,src/com/google/javascript/jscomp/Compiler.java,1460
Closure,62,src/com/google/javascript/jscomp/AbstractCommandLineRunner.java,139
Closure,62,src/com/google/javascript/jscomp/Compiler.java,1261
Closure,62,src/com/google/javascript/jscomp/AbstractCommandLineRunner.java,309
Closure,65,src/com/google/javascript/jscomp/CodePrinter.java,614
Closure,65,src/com/google/javascript/jscomp/Compiler.java,172
Closure,65,src/com/google/javascript/jscomp/CodePrinter.java,625
Closure,65,src/com/google/javascript/jscomp/Compiler.java,171
Closure,65,src/com/google/javascript/jscomp/AbstractCompiler.java,172
Closure,65,src/com/google/javascript/jscomp/CodePrinter.java,626
Closure,65,src/com/google/javascript/jscomp/CodePrinter.java,628
Closure,65,src/com/google/javascript/jscomp/AbstractCompiler.java,171
Closure,65,src/com/google/javascript/rhino/ScriptRuntime.java,459
Closure,65,src/com/google/javascript/jscomp/CodePrinter.java,627
Closure,67,src/com/google/javascript/jscomp/NameReferenceGraphConstruction.java,404
Closure,67,src/com/google/javascript/jscomp/ProcessTweaks.java,500
Closure,67,src/com/google/javascript/jscomp/NameReferenceGraphConstruction.java,140
Closure,67,src/com/google/javascript/jscomp/ProcessTweaks.java,487
Closure,67,src/com/google/javascript/jscomp/NameReferenceGraphConstruction.java,503
Closure,67,src/com/google/javascript/jscomp/ProcessTweaks.java,486
Closure,67,src/com/google/javascript/jscomp/NameReferenceGraphConstruction.java,504
Closure,67,src/com/google/javascript/jscomp/ProcessTweaks.java,502
Closure,67,src/com/google/javascript/jscomp/NameReferenceGraphConstruction.java,142
Closure,67,src/com/google/javascript/jscomp/ProcessTweaks.java,491
Closure,70,src/com/google/javascript/jscomp/CompilerOptions.java,1131
Closure,70,src/com/google/javascript/jscomp/AbstractCommandLineRunner.java,128
Closure,70,src/com/google/javascript/jscomp/CompilerOptions.java,1130
Closure,70,src/com/google/javascript/jscomp/AbstractCommandLineRunner.java,564
Closure,70,src/com/google/javascript/jscomp/CompilerOptions.java,669
Closure,70,src/com/google/javascript/jscomp/AbstractCommandLineRunner.java,563
Closure,70,src/com/google/javascript/jscomp/CompilerOptions.java,609
Closure,70,src/com/google/javascript/jscomp/AbstractCommandLineRunner.java,540
Closure,70,src/com/google/javascript/jscomp/CompilerOptions.java,701
Closure,70,src/com/google/javascript/jscomp/AbstractCommandLineRunner.java,561
Closure,71,src/com/google/javascript/jscomp/CheckAccessControls.java,327
Closure,71,src/com/google/javascript/jscomp/CheckAccessControls.java,330
Closure,71,src/com/google/javascript/jscomp/CheckAccessControls.java,454
Closure,71,src/com/google/javascript/jscomp/CheckAccessControls.java,325
Closure,71,src/com/google/javascript/jscomp/CheckAccessControls.java,444
Closure,71,src/com/google/javascript/jscomp/CheckAccessControls.java,469
Closure,71,src/com/google/javascript/jscomp/CheckAccessControls.java,323
Closure,71,src/com/google/javascript/jscomp/CheckAccessControls.java,331
Closure,71,src/com/google/javascript/jscomp/CheckAccessControls.java,465
Closure,71,src/com/google/javascript/jscomp/CheckAccessControls.java,466
Closure,73,src/com/google/javascript/jscomp/CodeGenerator.java,997
Closure,73,src/com/google/javascript/rhino/TokenStream.java,410
Closure,73,src/com/google/javascript/jscomp/CodeGenerator.java,995
Closure,73,src/com/google/javascript/rhino/TokenStream.java,409
Closure,73,src/com/google/debugging/sourcemap/Util.java,47
Closure,73,src/com/google/javascript/jscomp/CodeGenerator.java,1176
Closure,73,src/com/google/javascript/jscomp/CodeGenerator.java,1034
Closure,73,src/com/google/javascript/jscomp/CodeGenerator.java,1177
Closure,73,src/com/google/javascript/jscomp/CodeGenerator.java,992
Closure,73,src/com/google/debugging/sourcemap/Util.java,45
Closure,86,src/com/google/javascript/jscomp/SideEffectsAnalysis.java,156
Closure,86,src/com/google/javascript/jscomp/SideEffectsAnalysis.java,739
Closure,86,src/com/google/javascript/jscomp/SideEffectsAnalysis.java,602
Closure,86,src/com/google/javascript/jscomp/SideEffectsAnalysis.java,766
Closure,86,src/com/google/javascript/jscomp/SideEffectsAnalysis.java,763
Closure,86,src/com/google/javascript/jscomp/SideEffectsAnalysis.java,197
Closure,86,src/com/google/javascript/jscomp/SideEffectsAnalysis.java,195
Closure,86,src/com/google/javascript/jscomp/SideEffectsAnalysis.java,182
Closure,86,src/com/google/javascript/jscomp/SideEffectsAnalysis.java,173
Closure,86,src/com/google/javascript/jscomp/SideEffectsAnalysis.java,606
Closure,92,src/com/google/javascript/jscomp/CompilerOptions.java,717
Closure,92,src/com/google/javascript/jscomp/InstrumentFunctions.java,87
Closure,92,src/com/google/javascript/jscomp/CompilerOptions.java,508
Closure,92,src/com/google/javascript/jscomp/InstrumentFunctions.java,116
Closure,92,src/com/google/javascript/jscomp/CompilerOptions.java,465
Closure,92,src/com/google/javascript/jscomp/CompilerOptions.java,887
Closure,92,src/com/google/javascript/jscomp/CompilerOptions.java,705
Closure,92,src/com/google/javascript/jscomp/InstrumentFunctions.java,140
Closure,92,src/com/google/javascript/jscomp/CompilerOptions.java,610
Closure,92,src/com/google/javascript/jscomp/InstrumentFunctions.java,139
Codec,10,src/java/org/apache/commons/codec/language/Caverphone.java,182
Codec,10,src/java/org/apache/commons/codec/language/Caverphone.java,181
Codec,10,src/java/org/apache/commons/codec/language/Caverphone.java,156
Codec,10,src/java/org/apache/commons/codec/language/Caverphone.java,170
Codec,10,src/java/org/apache/commons/codec/language/Caverphone.java,169
Codec,10,src/java/org/apache/commons/codec/language/Caverphone.java,160
Codec,10,src/java/org/apache/commons/codec/language/Caverphone.java,158
Codec,10,src/java/org/apache/commons/codec/language/Caverphone.java,157
Codec,10,src/java/org/apache/commons/codec/binary/Base64.java,741
Codec,10,src/java/org/apache/commons/codec/net/RFC1522Codec.java,118
Codec,16,src/main/java/org/apache/commons/codec/binary/Base32.java,283
Codec,16,src/main/java/org/apache/commons/codec/binary/Base32.java,280
Codec,16,src/main/java/org/apache/commons/codec/binary/Base32.java,285
Codec,16,src/main/java/org/apache/commons/codec/binary/Base32.java,92
Codec,16,src/main/java/org/apache/commons/codec/binary/Base32.java,284
Codec,16,src/main/java/org/apache/commons/codec/binary/Base32.java,106
Codec,16,src/main/java/org/apache/commons/codec/binary/Base32.java,286
Codec,16,src/main/java/org/apache/commons/codec/binary/Base32.java,255
Codec,16,src/main/java/org/apache/commons/codec/binary/Base32.java,254
Codec,16,src/main/java/org/apache/commons/codec/binary/Base32.java,288
Codec,18,src/main/java/org/apache/commons/codec/binary/CharSequenceUtils.java,49
Codec,18,src/main/java/org/apache/commons/codec/binary/StringUtils.java,71
Codec,18,src/main/java/org/apache/commons/codec/language/bm/Rule.java,721
Codec,18,src/main/java/org/apache/commons/codec/binary/CharSequenceUtils.java,50
Codec,18,src/main/java/org/apache/commons/codec/binary/CharSequenceUtils.java,59
Codec,18,src/main/java/org/apache/commons/codec/language/bm/Rule.java,526
Codec,18,src/main/java/org/apache/commons/codec/binary/CharSequenceUtils.java,60
Codec,18,src/main/java/org/apache/commons/codec/language/bm/Rule.java,515
Codec,18,src/main/java/org/apache/commons/codec/binary/CharSequenceUtils.java,58
Codec,18,src/main/java/org/apache/commons/codec/binary/CharSequenceUtils.java,51
Codec,2,src/java/org/apache/commons/codec/binary/Base64.java,723
Codec,2,src/java/org/apache/commons/codec/binary/BinaryCodec.java,44
Codec,2,src/java/org/apache/commons/codec/binary/Base64.java,820
Codec,2,src/java/org/apache/commons/codec/binary/BinaryCodec.java,113
Codec,2,src/java/org/apache/commons/codec/binary/Base64.java,636
Codec,2,src/java/org/apache/commons/codec/binary/BinaryCodec.java,112
Codec,2,src/java/org/apache/commons/codec/binary/Base64.java,847
Codec,2,src/java/org/apache/commons/codec/binary/BinaryCodec.java,195
Codec,2,src/java/org/apache/commons/codec/binary/Base64.java,846
Codec,2,src/java/org/apache/commons/codec/binary/BinaryCodec.java,224
Codec,3,src/java/org/apache/commons/codec/language/DoubleMetaphone.java,651
Codec,3,src/java/org/apache/commons/codec/language/DoubleMetaphone.java,652
Codec,3,src/java/org/apache/commons/codec/language/DoubleMetaphone.java,601
Codec,3,src/java/org/apache/commons/codec/language/DoubleMetaphone.java,649
Codec,3,src/java/org/apache/commons/codec/language/DoubleMetaphone.java,600
Codec,3,src/java/org/apache/commons/codec/language/DoubleMetaphone.java,642
Codec,3,src/java/org/apache/commons/codec/language/DoubleMetaphone.java,634
Codec,3,src/java/org/apache/commons/codec/language/DoubleMetaphone.java,450
Codec,3,src/java/org/apache/commons/codec/language/DoubleMetaphone.java,452
Codec,3,src/java/org/apache/commons/codec/language/DoubleMetaphone.java,625
Codec,4,src/java/org/apache/commons/codec/binary/Base64.java,654
Codec,4,src/java/org/apache/commons/codec/binary/Base64.java,680
Codec,4,src/java/org/apache/commons/codec/binary/Base64.java,653
Codec,4,src/java/org/apache/commons/codec/binary/Base64.java,679
Codec,4,src/java/org/apache/commons/codec/binary/Base64.java,334
Codec,4,src/java/org/apache/commons/codec/binary/Base64.java,320
Codec,4,src/java/org/apache/commons/codec/binary/Base64.java,918
Codec,4,src/java/org/apache/commons/codec/binary/Base64.java,917
Codec,4,src/java/org/apache/commons/codec/binary/Base64.java,335
Codec,4,src/java/org/apache/commons/codec/binary/Base64.java,804
Codec,7,src/java/org/apache/commons/codec/binary/Base64.java,833
Codec,7,src/java/org/apache/commons/codec/binary/Base64.java,783
Codec,7,src/java/org/apache/commons/codec/binary/Base64.java,782
Codec,7,src/java/org/apache/commons/codec/binary/Base64.java,846
Codec,7,src/java/org/apache/commons/codec/binary/Base64.java,845
Codec,7,src/java/org/apache/commons/codec/binary/Base64.java,857
Codec,7,src/java/org/apache/commons/codec/binary/Base64.java,856
Codec,7,src/java/org/apache/commons/codec/binary/Base64.java,683
Codec,7,src/java/org/apache/commons/codec/binary/Base64.java,682
Codec,7,src/java/org/apache/commons/codec/binary/Base64.java,696
Codec,9,src/java/org/apache/commons/codec/binary/Base64.java,822
Codec,9,src/java/org/apache/commons/codec/binary/Base64.java,979
Codec,9,src/java/org/apache/commons/codec/binary/Base64.java,803
Codec,9,src/java/org/apache/commons/codec/binary/Base64.java,802
Codec,9,src/java/org/apache/commons/codec/binary/Base64.java,332
Codec,9,src/java/org/apache/commons/codec/binary/Base64.java,255
Codec,9,src/java/org/apache/commons/codec/binary/Base64.java,978
Codec,9,src/java/org/apache/commons/codec/binary/Base64.java,784
Codec,9,src/java/org/apache/commons/codec/binary/Base64.java,835
Codec,9,src/java/org/apache/commons/codec/binary/Base64.java,969
Collections,26,src/main/java/org/apache/commons/collections4/sequence/CommandVisitor.java,141
Collections,26,src/main/java/org/apache/commons/collections4/functors/DefaultEquator.java,42
Collections,26,src/main/java/org/apache/commons/collections4/sequence/CommandVisitor.java,134
Collections,26,src/main/java/org/apache/commons/collections4/functors/DefaultEquator.java,76
Collections,26,src/main/java/org/apache/commons/collections4/sequence/CommandVisitor.java,127
Collections,26,src/main/java/org/apache/commons/collections4/functors/DefaultEquator.java,75
Collections,26,src/main/java/org/apache/commons/collections4/keyvalue/MultiKey.java,253
Collections,26,src/main/java/org/apache/commons/collections4/keyvalue/MultiKey.java,252
Collections,26,src/main/java/org/apache/commons/collections4/bidimap/TreeBidiMap.java,2064
Collections,26,src/main/java/org/apache/commons/collections4/keyvalue/MultiKey.java,224
Compress,16,src/main/java/org/apache/commons/compress/archivers/tar/TarUtils.java,471
Compress,16,src/main/java/org/apache/commons/compress/archivers/ArchiveStreamFactory.java,236
Compress,16,src/main/java/org/apache/commons/compress/archivers/tar/TarArchiveInputStream.java,241
Compress,16,src/main/java/org/apache/commons/compress/archivers/tar/TarUtils.java,468
Compress,16,src/main/java/org/apache/commons/compress/archivers/ArchiveStreamFactory.java,209
Compress,16,src/main/java/org/apache/commons/compress/archivers/tar/TarArchiveInputStream.java,559
Compress,16,src/main/java/org/apache/commons/compress/archivers/ArchiveStreamFactory.java,198
Compress,16,src/main/java/org/apache/commons/compress/archivers/tar/TarArchiveInputStream.java,238
Compress,16,src/main/java/org/apache/commons/compress/archivers/ArchiveStreamFactory.java,212
Compress,16,src/main/java/org/apache/commons/compress/archivers/tar/TarArchiveInputStream.java,572
Compress,19,src/main/java/org/apache/commons/compress/archivers/zip/ZipFile.java,260
Compress,19,src/main/java/org/apache/commons/compress/archivers/zip/ZipFile.java,742
Compress,19,src/main/java/org/apache/commons/compress/archivers/zip/ZipFile.java,780
Compress,19,src/main/java/org/apache/commons/compress/archivers/zip/ZipFile.java,611
Compress,19,src/main/java/org/apache/commons/compress/archivers/zip/ZipFile.java,781
Compress,19,src/main/java/org/apache/commons/compress/archivers/zip/ZipFile.java,484
Compress,19,src/main/java/org/apache/commons/compress/archivers/zip/Zip64ExtendedInformationExtraField.java,259
Compress,19,src/main/java/org/apache/commons/compress/archivers/zip/ZipFile.java,612
Compress,19,src/main/java/org/apache/commons/compress/archivers/zip/ZipFile.java,209
Compress,19,src/main/java/org/apache/commons/compress/archivers/zip/Zip64ExtendedInformationExtraField.java,260
Compress,23,src/main/java/org/apache/commons/compress/archivers/sevenz/LZMA2Decoder.java,31
Compress,23,src/main/java/org/apache/commons/compress/archivers/zip/ZipArchiveInputStream.java,446
Compress,23,src/main/java/org/apache/commons/compress/archivers/sevenz/LZMA2Decoder.java,45
Compress,23,src/main/java/org/apache/commons/compress/archivers/zip/ZipArchiveInputStream.java,445
Compress,23,src/main/java/org/apache/commons/compress/archivers/sevenz/LZMA2Decoder.java,32
Compress,23,src/main/java/org/apache/commons/compress/archivers/zip/ZipArchiveInputStream.java,443
Compress,23,src/main/java/org/apache/commons/compress/archivers/sevenz/LZMA2Decoder.java,33
Compress,23,src/main/java/org/apache/commons/compress/archivers/zip/ZipArchiveInputStream.java,442
Compress,23,src/main/java/org/apache/commons/compress/archivers/sevenz/LZMA2Decoder.java,40
Compress,23,src/main/java/org/apache/commons/compress/archivers/zip/ZipArchiveInputStream.java,440
Compress,38,src/main/java/org/apache/commons/compress/archivers/tar/TarArchiveEntry.java,829
Compress,38,src/main/java/org/apache/commons/compress/archivers/tar/TarArchiveOutputStream.java,273
Compress,38,src/main/java/org/apache/commons/compress/archivers/tar/TarArchiveEntry.java,828
Compress,38,src/main/java/org/apache/commons/compress/archivers/tar/TarArchiveOutputStream.java,284
Compress,38,src/main/java/org/apache/commons/compress/archivers/tar/TarArchiveEntry.java,841
Compress,38,src/main/java/org/apache/commons/compress/archivers/tar/TarArchiveEntry.java,840
Compress,38,src/main/java/org/apache/commons/compress/archivers/tar/TarArchiveEntry.java,1090
Compress,38,src/main/java/org/apache/commons/compress/archivers/tar/TarArchiveOutputStream.java,299
Compress,38,src/main/java/org/apache/commons/compress/archivers/tar/TarArchiveEntry.java,830
Compress,38,src/main/java/org/apache/commons/compress/archivers/tar/TarArchiveOutputStream.java,280
Csv,1,src/main/java/org/apache/commons/csv/ExtendedBufferedReader.java,122
Csv,1,src/main/java/org/apache/commons/csv/CSVLexer.java,56
Csv,1,src/main/java/org/apache/commons/csv/ExtendedBufferedReader.java,56
Csv,1,src/main/java/org/apache/commons/csv/CSVLexer.java,57
Csv,1,src/main/java/org/apache/commons/csv/ExtendedBufferedReader.java,91
Csv,1,src/main/java/org/apache/commons/csv/CSVLexer.java,45
Csv,1,src/main/java/org/apache/commons/csv/ExtendedBufferedReader.java,89
Csv,1,src/main/java/org/apache/commons/csv/CSVLexer.java,27
Csv,1,src/main/java/org/apache/commons/csv/ExtendedBufferedReader.java,80
Csv,1,src/main/java/org/apache/commons/csv/ExtendedBufferedReader.java,96
Csv,11,src/main/java/org/apache/commons/csv/CSVFormat.java,303
Csv,11,src/main/java/org/apache/commons/csv/CSVFormat.java,828
Csv,11,src/main/java/org/apache/commons/csv/CSVFormat.java,317
Csv,11,src/main/java/org/apache/commons/csv/CSVFormat.java,827
Csv,11,src/main/java/org/apache/commons/csv/CSVFormat.java,971
Csv,11,src/main/java/org/apache/commons/csv/CSVFormat.java,908
Csv,11,src/main/java/org/apache/commons/csv/CSVFormat.java,956
Csv,11,src/main/java/org/apache/commons/csv/CSVFormat.java,922
Csv,11,src/main/java/org/apache/commons/csv/CSVFormat.java,877
Csv,11,src/main/java/org/apache/commons/csv/CSVFormat.java,856
Csv,12,src/main/java/org/apache/commons/csv/CSVFormat.java,219
Csv,12,src/main/java/org/apache/commons/csv/CSVFormat.java,826
Csv,12,src/main/java/org/apache/commons/csv/CSVFormat.java,849
Csv,12,src/main/java/org/apache/commons/csv/CSVFormat.java,991
Csv,12,src/main/java/org/apache/commons/csv/CSVFormat.java,943
Csv,12,src/main/java/org/apache/commons/csv/CSVFormat.java,912
Csv,12,src/main/java/org/apache/commons/csv/CSVFormat.java,891
Csv,12,src/main/java/org/apache/commons/csv/CSVFormat.java,877
Csv,12,src/main/java/org/apache/commons/csv/CSVFormat.java,863
Csv,12,src/main/java/org/apache/commons/csv/CSVFormat.java,795
Csv,14,src/main/java/org/apache/commons/csv/CSVFormat.java,1013
Csv,14,src/main/java/org/apache/commons/csv/CSVFormat.java,1012
Csv,14,src/main/java/org/apache/commons/csv/CSVFormat.java,1015
Csv,14,src/main/java/org/apache/commons/csv/CSVFormat.java,1002
Csv,14,src/main/java/org/apache/commons/csv/CSVFormat.java,1019
Csv,14,src/main/java/org/apache/commons/csv/CSVFormat.java,785
Csv,14,src/main/java/org/apache/commons/csv/CSVFormat.java,1026
Csv,14,src/main/java/org/apache/commons/csv/CSVFormat.java,1011
Csv,14,src/main/java/org/apache/commons/csv/CSVFormat.java,1027
Csv,14,src/main/java/org/apache/commons/csv/CSVFormat.java,1035
Csv,4,src/main/java/org/apache/commons/csv/CSVParser.java,324
Csv,4,src/main/java/org/apache/commons/csv/CSVParser.java,288
Csv,4,src/main/java/org/apache/commons/csv/CSVParser.java,287
Csv,4,src/main/java/org/apache/commons/csv/CSVParser.java,327
Csv,4,src/main/java/org/apache/commons/csv/CSVParser.java,325
Csv,4,src/main/java/org/apache/commons/csv/CSVParser.java,367
Csv,4,src/main/java/org/apache/commons/csv/CSVParser.java,366
Csv,4,src/main/java/org/apache/commons/csv/CSVParser.java,328
Csv,4,src/main/java/org/apache/commons/csv/CSVParser.java,345
Csv,4,src/main/java/org/apache/commons/csv/CSVParser.java,347
Gson,13,gson/src/main/java/com/google/gson/stream/JsonReader.java,731
Gson,13,gson/src/main/java/com/google/gson/stream/JsonReader.java,641
Gson,13,gson/src/main/java/com/google/gson/stream/JsonReader.java,672
Gson,13,gson/src/main/java/com/google/gson/stream/JsonReader.java,670
Gson,13,gson/src/main/java/com/google/gson/stream/JsonReader.java,655
Gson,13,gson/src/main/java/com/google/gson/stream/JsonReader.java,654
Gson,13,gson/src/main/java/com/google/gson/stream/JsonReader.java,732
Gson,13,gson/src/main/java/com/google/gson/stream/JsonReader.java,711
Gson,13,gson/src/main/java/com/google/gson/stream/JsonReader.java,714
Gson,13,gson/src/main/java/com/google/gson/stream/JsonReader.java,648
Gson,15,gson/src/main/java/com/google/gson/stream/JsonReader.java,910
Gson,15,gson/src/main/java/com/google/gson/stream/JsonWriter.java,522
Gson,15,gson/src/main/java/com/google/gson/stream/JsonReader.java,885
Gson,15,gson/src/main/java/com/google/gson/stream/JsonWriter.java,529
Gson,15,gson/src/main/java/com/google/gson/stream/JsonReader.java,711
Gson,15,gson/src/main/java/com/google/gson/stream/JsonWriter.java,493
Gson,15,gson/src/main/java/com/google/gson/stream/JsonReader.java,714
Gson,15,gson/src/main/java/com/google/gson/stream/JsonReader.java,670
Gson,15,gson/src/main/java/com/google/gson/stream/JsonWriter.java,495
Gson,15,gson/src/main/java/com/google/gson/stream/JsonReader.java,655
JacksonCore,25,src/main/java/com/fasterxml/jackson/core/sym/CharsToNameCanonicalizer.java,479
JacksonCore,25,src/main/java/com/fasterxml/jackson/core/json/async/NonBlockingJsonParser.java,2045
JacksonCore,25,src/main/java/com/fasterxml/jackson/core/json/UTF8StreamJsonParser.java,3103
JacksonCore,25,src/main/java/com/fasterxml/jackson/core/sym/CharsToNameCanonicalizer.java,330
JacksonCore,25,src/main/java/com/fasterxml/jackson/core/sym/CharsToNameCanonicalizer.java,329
JacksonCore,25,src/main/java/com/fasterxml/jackson/core/json/UTF8StreamJsonParser.java,3102
JacksonCore,25,src/main/java/com/fasterxml/jackson/core/json/UTF8DataInputJsonParser.java,2366
JacksonCore,25,src/main/java/com/fasterxml/jackson/core/sym/CharsToNameCanonicalizer.java,478
JacksonCore,25,src/main/java/com/fasterxml/jackson/core/sym/CharsToNameCanonicalizer.java,423
JacksonCore,25,src/main/java/com/fasterxml/jackson/core/json/async/NonBlockingJsonParser.java,2047
JacksonCore,5,src/main/java/com/fasterxml/jackson/core/json/UTF8StreamJsonParser.java,2492
JacksonCore,5,src/main/java/com/fasterxml/jackson/core/JsonPointer.java,185
JacksonCore,5,src/main/java/com/fasterxml/jackson/core/JsonGenerator.java,959
JacksonCore,5,src/main/java/com/fasterxml/jackson/core/json/UTF8StreamJsonParser.java,2512
JacksonCore,5,src/main/java/com/fasterxml/jackson/core/json/UTF8StreamJsonParser.java,1000
JacksonCore,5,src/main/java/com/fasterxml/jackson/core/json/UTF8JsonGenerator.java,959
JacksonCore,5,src/main/java/com/fasterxml/jackson/core/json/UTF8StreamJsonParser.java,1395
JacksonCore,5,src/main/java/com/fasterxml/jackson/core/json/UTF8StreamJsonParser.java,2513
JacksonCore,5,src/main/java/com/fasterxml/jackson/core/JsonPointer.java,96
JacksonCore,5,src/main/java/com/fasterxml/jackson/core/json/UTF8StreamJsonParser.java,2493
JacksonCore,8,src/main/java/com/fasterxml/jackson/core/util/TextBuffer.java,136
JacksonCore,8,src/main/java/com/fasterxml/jackson/core/util/TextBuffer.java,135
JacksonCore,8,src/main/java/com/fasterxml/jackson/core/json/ReaderBasedJsonParser.java,1468
JacksonCore,8,src/main/java/com/fasterxml/jackson/core/util/TextBuffer.java,139
JacksonCore,8,src/main/java/com/fasterxml/jackson/core/util/TextBuffer.java,138
JacksonCore,8,src/main/java/com/fasterxml/jackson/core/json/ReaderBasedJsonParser.java,1015
JacksonCore,8,src/main/java/com/fasterxml/jackson/core/util/TextBuffer.java,141
JacksonCore,8,src/main/java/com/fasterxml/jackson/core/util/TextBuffer.java,137
JacksonCore,8,src/main/java/com/fasterxml/jackson/core/json/UTF8StreamJsonParser.java,2352
JacksonCore,8,src/main/java/com/fasterxml/jackson/core/util/TextBuffer.java,234
JacksonDatabind,107,src/main/java/com/fasterxml/jackson/databind/deser/BeanDeserializerBase.java,1740
JacksonDatabind,107,src/main/java/com/fasterxml/jackson/databind/DeserializationContext.java,1165
JacksonDatabind,107,src/main/java/com/fasterxml/jackson/databind/deser/BeanDeserializerBase.java,1754
JacksonDatabind,107,src/main/java/com/fasterxml/jackson/databind/DeserializationContext.java,1195
JacksonDatabind,107,src/main/java/com/fasterxml/jackson/databind/deser/BeanDeserializerBase.java,1623
JacksonDatabind,107,src/main/java/com/fasterxml/jackson/databind/DeserializationContext.java,1055
JacksonDatabind,107,src/main/java/com/fasterxml/jackson/databind/deser/BeanDeserializerBase.java,1641
JacksonDatabind,107,src/main/java/com/fasterxml/jackson/databind/DeserializationContext.java,1167
JacksonDatabind,107,src/main/java/com/fasterxml/jackson/databind/util/ClassUtil.java,277
JacksonDatabind,107,src/main/java/com/fasterxml/jackson/databind/deser/BeanDeserializerBase.java,1642
JacksonDatabind,16,src/main/java/com/fasterxml/jackson/databind/introspect/AnnotatedClass.java,422
JacksonDatabind,16,src/main/java/com/fasterxml/jackson/databind/deser/std/UUIDDeserializer.java,36
JacksonDatabind,16,src/main/java/com/fasterxml/jackson/databind/introspect/AnnotatedClass.java,685
JacksonDatabind,16,src/main/java/com/fasterxml/jackson/databind/introspect/AnnotatedClass.java,925
JacksonDatabind,16,src/main/java/com/fasterxml/jackson/databind/deser/std/UUIDDeserializer.java,32
JacksonDatabind,16,src/main/java/com/fasterxml/jackson/databind/ObjectMapper.java,652
JacksonDatabind,16,src/main/java/com/fasterxml/jackson/databind/introspect/AnnotatedClass.java,434
JacksonDatabind,16,src/main/java/com/fasterxml/jackson/databind/introspect/AnnotatedClass.java,926
JacksonDatabind,16,src/main/java/com/fasterxml/jackson/databind/ObjectMapper.java,651
JacksonDatabind,16,src/main/java/com/fasterxml/jackson/databind/introspect/AnnotatedClass.java,678
JacksonDatabind,17,src/main/java/com/fasterxml/jackson/databind/ObjectMapper.java,519
JacksonDatabind,17,src/main/java/com/fasterxml/jackson/databind/ObjectMapper.java,518
JacksonDatabind,17,src/main/java/com/fasterxml/jackson/databind/ObjectReader.java,264
JacksonDatabind,17,src/main/java/com/fasterxml/jackson/databind/ObjectMapper.java,554
JacksonDatabind,17,src/main/java/com/fasterxml/jackson/databind/ObjectMapper.java,553
JacksonDatabind,17,src/main/java/com/fasterxml/jackson/databind/ObjectReader.java,263
JacksonDatabind,17,src/main/java/com/fasterxml/jackson/databind/util/TokenBuffer.java,178
JacksonDatabind,17,src/main/java/com/fasterxml/jackson/databind/ObjectMapper.java,536
JacksonDatabind,17,src/main/java/com/fasterxml/jackson/databind/ObjectMapper.java,211
JacksonDatabind,17,src/main/java/com/fasterxml/jackson/databind/util/TokenBuffer.java,177
JacksonDatabind,27,src/main/java/com/fasterxml/jackson/databind/introspect/POJOPropertiesCollector.java,279
JacksonDatabind,27,src/main/java/com/fasterxml/jackson/databind/ObjectWriter.java,1231
JacksonDatabind,27,src/main/java/com/fasterxml/jackson/databind/introspect/POJOPropertiesCollector.java,723
JacksonDatabind,27,src/main/java/com/fasterxml/jackson/databind/ObjectWriter.java,1240
JacksonDatabind,27,src/main/java/com/fasterxml/jackson/databind/introspect/POJOPropertiesCollector.java,280
JacksonDatabind,27,src/main/java/com/fasterxml/jackson/databind/ObjectWriter.java,1239
JacksonDatabind,27,src/main/java/com/fasterxml/jackson/databind/introspect/POJOPropertiesCollector.java,765
JacksonDatabind,27,src/main/java/com/fasterxml/jackson/databind/ObjectWriter.java,1232
JacksonDatabind,27,src/main/java/com/fasterxml/jackson/databind/introspect/POJOPropertiesCollector.java,764
JacksonDatabind,27,src/main/java/com/fasterxml/jackson/databind/ObjectWriter.java,1243
JacksonDatabind,34,src/main/java/com/fasterxml/jackson/databind/ObjectMapper.java,691
JacksonDatabind,34,src/main/java/com/fasterxml/jackson/databind/util/TokenBuffer.java,789
JacksonDatabind,34,src/main/java/com/fasterxml/jackson/databind/ObjectMapper.java,938
JacksonDatabind,34,src/main/java/com/fasterxml/jackson/databind/ObjectMapper.java,909
JacksonDatabind,34,src/main/java/com/fasterxml/jackson/databind/ObjectMapper.java,890
JacksonDatabind,34,src/main/java/com/fasterxml/jackson/databind/ObjectMapper.java,693
JacksonDatabind,34,src/main/java/com/fasterxml/jackson/databind/ObjectMapper.java,908
JacksonDatabind,34,src/main/java/com/fasterxml/jackson/databind/ObjectMapper.java,889
JacksonDatabind,34,src/main/java/com/fasterxml/jackson/databind/ObjectMapper.java,694
JacksonDatabind,34,src/main/java/com/fasterxml/jackson/databind/ObjectMapper.java,942
JacksonDatabind,37,src/main/java/com/fasterxml/jackson/databind/util/TokenBuffer.java,202
JacksonDatabind,37,src/main/java/com/fasterxml/jackson/databind/util/TokenBuffer.java,203
JacksonDatabind,37,src/main/java/com/fasterxml/jackson/databind/util/TokenBuffer.java,1242
JacksonDatabind,37,src/main/java/com/fasterxml/jackson/databind/util/TokenBuffer.java,1241
JacksonDatabind,37,src/main/java/com/fasterxml/jackson/databind/ObjectMapper.java,673
JacksonDatabind,37,src/main/java/com/fasterxml/jackson/databind/util/TokenBuffer.java,1359
JacksonDatabind,37,src/main/java/com/fasterxml/jackson/databind/util/TokenBuffer.java,1357
JacksonDatabind,37,src/main/java/com/fasterxml/jackson/databind/ObjectMapper.java,672
JacksonDatabind,37,src/main/java/com/fasterxml/jackson/databind/ext/OptionalHandlerFactory.java,31
JacksonDatabind,37,src/main/java/com/fasterxml/jackson/databind/util/TokenBuffer.java,1015
JacksonDatabind,46,src/main/java/com/fasterxml/jackson/databind/ObjectMapper.java,2557
JacksonDatabind,46,src/main/java/com/fasterxml/jackson/databind/ObjectMapper.java,2591
JacksonDatabind,46,src/main/java/com/fasterxml/jackson/databind/deser/std/AtomicReferenceDeserializer.java,75
JacksonDatabind,46,src/main/java/com/fasterxml/jackson/databind/ObjectMapper.java,3612
JacksonDatabind,46,src/main/java/com/fasterxml/jackson/databind/ObjectMapper.java,3614
JacksonDatabind,46,src/main/java/com/fasterxml/jackson/databind/deser/std/AtomicReferenceDeserializer.java,35
JacksonDatabind,46,src/main/java/com/fasterxml/jackson/databind/ObjectMapper.java,3580
JacksonDatabind,46,src/main/java/com/fasterxml/jackson/databind/deser/std/AtomicReferenceDeserializer.java,43
JacksonDatabind,46,src/main/java/com/fasterxml/jackson/databind/ObjectMapper.java,3622
JacksonDatabind,46,src/main/java/com/fasterxml/jackson/databind/deser/std/AtomicReferenceDeserializer.java,36
JacksonDatabind,57,src/main/java/com/fasterxml/jackson/databind/deser/std/UUIDDeserializer.java,138
JacksonDatabind,57,src/main/java/com/fasterxml/jackson/databind/ObjectReader.java,1680
JacksonDatabind,57,src/main/java/com/fasterxml/jackson/databind/deser/std/UUIDDeserializer.java,137
JacksonDatabind,57,src/main/java/com/fasterxml/jackson/databind/ObjectReader.java,1438
JacksonDatabind,57,src/main/java/com/fasterxml/jackson/databind/deser/std/UUIDDeserializer.java,129
JacksonDatabind,57,src/main/java/com/fasterxml/jackson/databind/ObjectReader.java,1681
JacksonDatabind,57,src/main/java/com/fasterxml/jackson/databind/deser/std/UUIDDeserializer.java,131
JacksonDatabind,57,src/main/java/com/fasterxml/jackson/databind/ObjectReader.java,1439
JacksonDatabind,57,src/main/java/com/fasterxml/jackson/databind/deser/std/UUIDDeserializer.java,130
JacksonDatabind,57,src/main/java/com/fasterxml/jackson/databind/ObjectReader.java,1229
JacksonDatabind,70,src/main/java/com/fasterxml/jackson/databind/ser/std/InetSocketAddressSerializer.java,24
JacksonDatabind,70,src/main/java/com/fasterxml/jackson/databind/util/ClassUtil.java,894
JacksonDatabind,70,src/main/java/com/fasterxml/jackson/databind/ObjectMapper.java,696
JacksonDatabind,70,src/main/java/com/fasterxml/jackson/databind/ser/std/InetSocketAddressSerializer.java,25
JacksonDatabind,70,src/main/java/com/fasterxml/jackson/databind/ser/std/InetSocketAddressSerializer.java,46
JacksonDatabind,70,src/main/java/com/fasterxml/jackson/databind/ObjectMapper.java,695
JacksonDatabind,70,src/main/java/com/fasterxml/jackson/databind/ser/std/InetSocketAddressSerializer.java,20
JacksonDatabind,70,src/main/java/com/fasterxml/jackson/databind/util/ClassUtil.java,893
JacksonDatabind,70,src/main/java/com/fasterxml/jackson/databind/ser/std/InetSocketAddressSerializer.java,43
JacksonDatabind,70,src/main/java/com/fasterxml/jackson/databind/util/ClassUtil.java,892
JacksonDatabind,71,src/main/java/com/fasterxml/jackson/databind/deser/std/UUIDDeserializer.java,46
JacksonDatabind,71,src/main/java/com/fasterxml/jackson/databind/deser/BeanDeserializer.java,777
JacksonDatabind,71,src/main/java/com/fasterxml/jackson/databind/deser/std/UUIDDeserializer.java,31
JacksonDatabind,71,src/main/java/com/fasterxml/jackson/databind/deser/BeanDeserializer.java,623
JacksonDatabind,71,src/main/java/com/fasterxml/jackson/databind/deser/std/UUIDDeserializer.java,97
JacksonDatabind,71,src/main/java/com/fasterxml/jackson/databind/deser/BeanDeserializer.java,573
JacksonDatabind,71,src/main/java/com/fasterxml/jackson/databind/deser/std/UUIDDeserializer.java,86
JacksonDatabind,71,src/main/java/com/fasterxml/jackson/databind/deser/BeanDeserializer.java,765
JacksonDatabind,71,src/main/java/com/fasterxml/jackson/databind/deser/std/UUIDDeserializer.java,85
JacksonDatabind,71,src/main/java/com/fasterxml/jackson/databind/deser/BeanDeserializer.java,617
JacksonDatabind,82,src/main/java/com/fasterxml/jackson/databind/introspect/POJOPropertiesCollector.java,362
JacksonDatabind,82,src/main/java/com/fasterxml/jackson/databind/ObjectMapper.java,698
JacksonDatabind,82,src/main/java/com/fasterxml/jackson/databind/introspect/POJOPropertiesCollector.java,371
JacksonDatabind,82,src/main/java/com/fasterxml/jackson/databind/ObjectMapper.java,697
JacksonDatabind,82,src/main/java/com/fasterxml/jackson/databind/util/ClassUtil.java,893
JacksonDatabind,82,src/main/java/com/fasterxml/jackson/databind/introspect/POJOPropertiesCollector.java,299
JacksonDatabind,82,src/main/java/com/fasterxml/jackson/databind/introspect/POJOPropertiesCollector.java,746
JacksonDatabind,82,src/main/java/com/fasterxml/jackson/databind/util/ClassUtil.java,892
JacksonDatabind,82,src/main/java/com/fasterxml/jackson/databind/introspect/JacksonAnnotationIntrospector.java,107
JacksonDatabind,82,src/main/java/com/fasterxml/jackson/databind/introspect/POJOPropertiesCollector.java,745
JacksonDatabind,96,src/main/java/com/fasterxml/jackson/databind/ObjectMapper.java,722
JacksonDatabind,96,src/main/java/com/fasterxml/jackson/databind/introspect/POJOPropertiesCollector.java,856
JacksonDatabind,96,src/main/java/com/fasterxml/jackson/databind/ObjectMapper.java,724
JacksonDatabind,96,src/main/java/com/fasterxml/jackson/databind/introspect/POJOPropertiesCollector.java,855
JacksonDatabind,96,src/main/java/com/fasterxml/jackson/databind/ObjectMapper.java,991
JacksonDatabind,96,src/main/java/com/fasterxml/jackson/databind/introspect/POJOPropertiesCollector.java,460
JacksonDatabind,96,src/main/java/com/fasterxml/jackson/databind/PropertyNamingStrategy.java,40
JacksonDatabind,96,src/main/java/com/fasterxml/jackson/databind/ObjectMapper.java,950
JacksonDatabind,96,src/main/java/com/fasterxml/jackson/databind/ObjectMapper.java,931
JacksonDatabind,96,src/main/java/com/fasterxml/jackson/databind/ObjectMapper.java,725
JacksonDatabind,97,src/main/java/com/fasterxml/jackson/databind/ObjectReader.java,280
JacksonDatabind,97,src/main/java/com/fasterxml/jackson/databind/ObjectReader.java,279
JacksonDatabind,97,src/main/java/com/fasterxml/jackson/databind/ObjectMapper.java,704
JacksonDatabind,97,src/main/java/com/fasterxml/jackson/databind/ObjectReader.java,853
JacksonDatabind,97,src/main/java/com/fasterxml/jackson/databind/ObjectReader.java,861
JacksonDatabind,97,src/main/java/com/fasterxml/jackson/databind/ObjectMapper.java,703
JacksonDatabind,97,src/main/java/com/fasterxml/jackson/databind/ObjectWriter.java,201
JacksonDatabind,97,src/main/java/com/fasterxml/jackson/databind/ObjectReader.java,1802
JacksonDatabind,97,src/main/java/com/fasterxml/jackson/databind/ObjectReader.java,860
JacksonDatabind,97,src/main/java/com/fasterxml/jackson/databind/ObjectWriter.java,200
JacksonXml,5,src/main/java/com/fasterxml/jackson/dataformat/xml/deser/XmlTokenStream.java,459
JacksonXml,5,src/main/java/com/fasterxml/jackson/dataformat/xml/XmlMapper.java,102
JacksonXml,5,src/main/java/com/fasterxml/jackson/dataformat/xml/deser/XmlTokenStream.java,309
JacksonXml,5,src/main/java/com/fasterxml/jackson/dataformat/xml/XmlMapper.java,103
JacksonXml,5,src/main/java/com/fasterxml/jackson/dataformat/xml/ser/XmlSerializerProvider.java,225
JacksonXml,5,src/main/java/com/fasterxml/jackson/dataformat/xml/deser/XmlTokenStream.java,308
JacksonXml,5,src/main/java/com/fasterxml/jackson/dataformat/xml/deser/XmlTokenStream.java,457
JacksonXml,5,src/main/java/com/fasterxml/jackson/dataformat/xml/ser/XmlSerializerProvider.java,226
JacksonXml,5,src/main/java/com/fasterxml/jackson/dataformat/xml/deser/XmlTokenStream.java,115
JacksonXml,5,src/main/java/com/fasterxml/jackson/dataformat/xml/ser/XmlSerializerProvider.java,223
Jsoup,15,src/main/java/org/jsoup/nodes/Element.java,950
Jsoup,15,src/main/java/org/jsoup/nodes/Element.java,954
Jsoup,15,src/main/java/org/jsoup/nodes/Element.java,935
Jsoup,15,src/main/java/org/jsoup/nodes/Element.java,920
Jsoup,15,src/main/java/org/jsoup/parser/TreeBuilder.java,551
Jsoup,15,src/main/java/org/jsoup/nodes/Element.java,897
Jsoup,15,src/main/java/org/jsoup/nodes/Element.java,882
Jsoup,15,src/main/java/org/jsoup/nodes/Element.java,895
Jsoup,15,src/main/java/org/jsoup/nodes/Element.java,883
Jsoup,15,src/main/java/org/jsoup/nodes/Element.java,906
Jsoup,25,src/main/java/org/jsoup/parser/Tag.java,171
Jsoup,25,src/main/java/org/jsoup/parser/Tag.java,218
Jsoup,25,src/main/java/org/jsoup/parser/Tag.java,249
Jsoup,25,src/main/java/org/jsoup/parser/Tag.java,252
Jsoup,25,src/main/java/org/jsoup/parser/Tag.java,160
Jsoup,25,src/main/java/org/jsoup/parser/Tag.java,23
Jsoup,25,src/main/java/org/jsoup/parser/Tag.java,187
Jsoup,25,src/main/java/org/jsoup/parser/Tag.java,151
Jsoup,25,src/main/java/org/jsoup/parser/Tag.java,150
Jsoup,25,src/main/java/org/jsoup/nodes/Element.java,865
Jsoup,32,src/main/java/org/jsoup/nodes/Node.java,599
Jsoup,32,src/main/java/org/jsoup/nodes/Document.java,200
Jsoup,32,src/main/java/org/jsoup/nodes/Node.java,613
Jsoup,32,src/main/java/org/jsoup/nodes/Node.java,612
Jsoup,32,src/main/java/org/jsoup/nodes/Document.java,317
Jsoup,32,src/main/java/org/jsoup/nodes/Node.java,601
Jsoup,32,src/main/java/org/jsoup/nodes/Element.java,1136
Jsoup,32,src/main/java/org/jsoup/nodes/Node.java,602
Jsoup,32,src/main/java/org/jsoup/nodes/Node.java,609
Jsoup,32,src/main/java/org/jsoup/nodes/Node.java,600
Jsoup,34,src/main/java/org/jsoup/parser/Tokeniser.java,203
Jsoup,34,src/main/java/org/jsoup/parser/Tokeniser.java,202
Jsoup,34,src/main/java/org/jsoup/parser/Tokeniser.java,201
Jsoup,34,src/main/java/org/jsoup/parser/Tokeniser.java,213
Jsoup,34,src/main/java/org/jsoup/parser/Parser.java,88
Jsoup,34,src/main/java/org/jsoup/parser/Tokeniser.java,212
Jsoup,34,src/main/java/org/jsoup/parser/HtmlTreeBuilder.java,36
Jsoup,34,src/main/java/org/jsoup/parser/Tokeniser.java,211
Jsoup,34,src/main/java/org/jsoup/parser/Tokeniser.java,208
Jsoup,34,src/main/java/org/jsoup/parser/Tokeniser.java,218
Jsoup,37,src/main/java/org/jsoup/nodes/Document.java,305
Jsoup,37,src/main/java/org/jsoup/nodes/Document.java,304
Jsoup,37,src/main/java/org/jsoup/nodes/Document.java,296
Jsoup,37,src/main/java/org/jsoup/nodes/Document.java,295
Jsoup,37,src/main/java/org/jsoup/nodes/Document.java,224
Jsoup,37,src/main/java/org/jsoup/nodes/Document.java,81
Jsoup,37,src/main/java/org/jsoup/nodes/Document.java,78
Jsoup,37,src/main/java/org/jsoup/nodes/Element.java,1083
Jsoup,37,src/main/java/org/jsoup/nodes/Document.java,38
Jsoup,37,src/main/java/org/jsoup/nodes/Document.java,113
Jsoup,41,src/main/java/org/jsoup/helper/HttpConnection.java,239
Jsoup,41,src/main/java/org/jsoup/helper/HttpConnection.java,240
Jsoup,41,src/main/java/org/jsoup/helper/HttpConnection.java,241
Jsoup,41,src/main/java/org/jsoup/nodes/Node.java,614
Jsoup,41,src/main/java/org/jsoup/helper/HttpConnection.java,703
Jsoup,41,src/main/java/org/jsoup/helper/HttpConnection.java,511
Jsoup,41,src/main/java/org/jsoup/nodes/Node.java,616
Jsoup,41,src/main/java/org/jsoup/helper/HttpConnection.java,541
Jsoup,41,src/main/java/org/jsoup/nodes/Node.java,615
Jsoup,41,src/main/java/org/jsoup/nodes/Element.java,1179
Jsoup,43,src/main/java/org/jsoup/nodes/Node.java,496
Jsoup,43,src/main/java/org/jsoup/nodes/Element.java,512
Jsoup,43,src/main/java/org/jsoup/nodes/Node.java,331
Jsoup,43,src/main/java/org/jsoup/nodes/Element.java,528
Jsoup,43,src/main/java/org/jsoup/nodes/Node.java,306
Jsoup,43,src/main/java/org/jsoup/nodes/Element.java,491
Jsoup,43,src/main/java/org/jsoup/nodes/Node.java,658
Jsoup,43,src/main/java/org/jsoup/nodes/Element.java,563
Jsoup,43,src/main/java/org/jsoup/nodes/Node.java,516
Jsoup,43,src/main/java/org/jsoup/nodes/Node.java,393
Jsoup,45,src/main/java/org/jsoup/parser/HtmlTreeBuilder.java,401
Jsoup,45,src/main/java/org/jsoup/parser/HtmlTreeBuilder.java,400
Jsoup,45,src/main/java/org/jsoup/parser/HtmlTreeBuilder.java,409
Jsoup,45,src/main/java/org/jsoup/parser/HtmlTreeBuilder.java,406
Jsoup,45,src/main/java/org/jsoup/parser/HtmlTreeBuilder.java,397
Jsoup,45,src/main/java/org/jsoup/parser/HtmlTreeBuilder.java,25
Jsoup,45,src/main/java/org/jsoup/parser/HtmlTreeBuilder.java,403
Jsoup,45,src/main/java/org/jsoup/parser/HtmlTreeBuilder.java,394
Jsoup,45,src/main/java/org/jsoup/parser/HtmlTreeBuilder.java,391
Jsoup,45,src/main/java/org/jsoup/parser/HtmlTreeBuilder.java,410
Jsoup,46,src/main/java/org/jsoup/nodes/Entities.java,115
Jsoup,46,src/main/java/org/jsoup/nodes/Entities.java,84
Jsoup,46,src/main/java/org/jsoup/nodes/Document.java,520
Jsoup,46,src/main/java/org/jsoup/nodes/Entities.java,80
Jsoup,46,src/main/java/org/jsoup/nodes/Entities.java,110
Jsoup,46,src/main/java/org/jsoup/nodes/Document.java,528
Jsoup,46,src/main/java/org/jsoup/nodes/Entities.java,107
Jsoup,46,src/main/java/org/jsoup/nodes/Entities.java,17
Jsoup,46,src/main/java/org/jsoup/nodes/Entities.java,87
Jsoup,46,src/main/java/org/jsoup/nodes/Document.java,401
Jsoup,47,src/main/java/org/jsoup/nodes/Entities.java,110
Jsoup,47,src/main/java/org/jsoup/nodes/Entities.java,107
Jsoup,47,src/main/java/org/jsoup/nodes/Entities.java,115
Jsoup,47,src/main/java/org/jsoup/nodes/Entities.java,80
Jsoup,47,src/main/java/org/jsoup/nodes/Entities.java,91
Jsoup,47,src/main/java/org/jsoup/nodes/Entities.java,134
Jsoup,47,src/main/java/org/jsoup/nodes/Entities.java,84
Jsoup,47,src/main/java/org/jsoup/nodes/Entities.java,211
Jsoup,47,src/main/java/org/jsoup/nodes/Entities.java,135
Jsoup,47,src/main/java/org/jsoup/nodes/Entities.java,128
Jsoup,51,src/main/java/org/jsoup/helper/HttpConnection.java,573
Jsoup,51,src/main/java/org/jsoup/helper/W3CDom.java,85
Jsoup,51,src/main/java/org/jsoup/helper/HttpConnection.java,575
Jsoup,51,src/main/java/org/jsoup/helper/W3CDom.java,84
Jsoup,51,src/main/java/org/jsoup/helper/HttpConnection.java,576
Jsoup,51,src/main/java/org/jsoup/helper/W3CDom.java,99
Jsoup,51,src/main/java/org/jsoup/helper/HttpConnection.java,498
Jsoup,51,src/main/java/org/jsoup/helper/HttpConnection.java,569
Jsoup,51,src/main/java/org/jsoup/helper/HttpConnection.java,564
Jsoup,51,src/main/java/org/jsoup/helper/W3CDom.java,103
Jsoup,57,src/main/java/org/jsoup/nodes/Attributes.java,122
Jsoup,57,src/main/java/org/jsoup/nodes/Attributes.java,118
Jsoup,57,src/main/java/org/jsoup/nodes/Attributes.java,319
Jsoup,57,src/main/java/org/jsoup/nodes/Attributes.java,124
Jsoup,57,src/main/java/org/jsoup/nodes/Attributes.java,322
Jsoup,57,src/main/java/org/jsoup/nodes/Attributes.java,321
Jsoup,57,src/main/java/org/jsoup/nodes/Attributes.java,309
Jsoup,57,src/main/java/org/jsoup/nodes/Attributes.java,311
Jsoup,57,src/main/java/org/jsoup/nodes/Attributes.java,323
Jsoup,57,src/main/java/org/jsoup/nodes/Attributes.java,125
Jsoup,61,src/main/java/org/jsoup/parser/HtmlTreeBuilder.java,412
Jsoup,61,src/main/java/org/jsoup/parser/HtmlTreeBuilder.java,394
Jsoup,61,src/main/java/org/jsoup/parser/HtmlTreeBuilder.java,397
Jsoup,61,src/main/java/org/jsoup/parser/HtmlTreeBuilder.java,387
Jsoup,61,src/main/java/org/jsoup/parser/HtmlTreeBuilder.java,403
Jsoup,61,src/main/java/org/jsoup/parser/HtmlTreeBuilder.java,409
Jsoup,61,src/main/java/org/jsoup/parser/HtmlTreeBuilder.java,404
Jsoup,61,src/main/java/org/jsoup/parser/HtmlTreeBuilder.java,400
Jsoup,61,src/main/java/org/jsoup/parser/HtmlTreeBuilder.java,385
Jsoup,61,src/main/java/org/jsoup/parser/HtmlTreeBuilder.java,19
Jsoup,62,src/main/java/org/jsoup/helper/HttpConnection.java,695
Jsoup,62,src/main/java/org/jsoup/helper/HttpConnection.java,693
Jsoup,62,src/main/java/org/jsoup/helper/HttpConnection.java,483
Jsoup,62,src/main/java/org/jsoup/helper/HttpConnection.java,696
Jsoup,62,src/main/java/org/jsoup/helper/HttpConnection.java,746
Jsoup,62,src/main/java/org/jsoup/helper/HttpConnection.java,475
Jsoup,62,src/main/java/org/jsoup/helper/HttpConnection.java,747
Jsoup,62,src/main/java/org/jsoup/helper/HttpConnection.java,574
Jsoup,62,src/main/java/org/jsoup/helper/HttpConnection.java,242
Jsoup,62,src/main/java/org/jsoup/helper/HttpConnection.java,594
Jsoup,77,src/main/java/org/jsoup/helper/HttpConnection.java,777
Jsoup,77,src/main/java/org/jsoup/helper/HttpConnection.java,775
Jsoup,77,src/main/java/org/jsoup/helper/HttpConnection.java,778
Jsoup,77,src/main/java/org/jsoup/helper/HttpConnection.java,561
Jsoup,77,src/main/java/org/jsoup/helper/HttpConnection.java,837
Jsoup,77,src/main/java/org/jsoup/helper/HttpConnection.java,830
Jsoup,77,src/main/java/org/jsoup/parser/XmlTreeBuilder.java,90
Jsoup,77,src/main/java/org/jsoup/helper/HttpConnection.java,553
Jsoup,77,src/main/java/org/jsoup/helper/HttpConnection.java,652
Jsoup,77,src/main/java/org/jsoup/helper/HttpConnection.java,283
Jsoup,86,src/main/java/org/jsoup/helper/HttpConnection.java,770
Jsoup,86,src/main/java/org/jsoup/parser/Parser.java,136
Jsoup,86,src/main/java/org/jsoup/safety/Cleaner.java,83
Jsoup,86,src/main/java/org/jsoup/helper/HttpConnection.java,772
Jsoup,86,src/main/java/org/jsoup/helper/HttpConnection.java,773
Jsoup,86,src/main/java/org/jsoup/helper/HttpConnection.java,825
Jsoup,86,src/main/java/org/jsoup/parser/Parser.java,150
Jsoup,86,src/main/java/org/jsoup/helper/HttpConnection.java,555
Jsoup,86,src/main/java/org/jsoup/helper/HttpConnection.java,547
Jsoup,86,src/main/java/org/jsoup/parser/Parser.java,120
Jsoup,88,src/main/java/org/jsoup/helper/HttpConnection.java,375
Jsoup,88,src/main/java/org/jsoup/safety/Whitelist.java,496
Jsoup,88,src/main/java/org/jsoup/helper/HttpConnection.java,366
Jsoup,88,src/main/java/org/jsoup/helper/HttpConnection.java,905
Jsoup,88,src/main/java/org/jsoup/helper/HttpConnection.java,904
Jsoup,88,src/main/java/org/jsoup/safety/Whitelist.java,331
Jsoup,88,src/main/java/org/jsoup/helper/HttpConnection.java,469
Jsoup,88,src/main/java/org/jsoup/safety/Whitelist.java,452
Jsoup,88,src/main/java/org/jsoup/helper/HttpConnection.java,825
Jsoup,88,src/main/java/org/jsoup/safety/Whitelist.java,410
Jsoup,9,src/main/java/org/jsoup/nodes/Entities.java,2266
Jsoup,9,src/main/java/org/jsoup/nodes/Entities.java,2262
Jsoup,9,src/main/java/org/jsoup/nodes/Entities.java,2258
Jsoup,9,src/main/java/org/jsoup/nodes/Entities.java,2252
Jsoup,9,src/main/java/org/jsoup/nodes/Entities.java,2269
Jsoup,9,src/main/java/org/jsoup/nodes/Entities.java,2268
Jsoup,9,src/main/java/org/jsoup/nodes/Entities.java,2267
Jsoup,9,src/main/java/org/jsoup/nodes/Entities.java,2264
Jsoup,9,src/main/java/org/jsoup/nodes/Entities.java,2263
Jsoup,9,src/main/java/org/jsoup/nodes/Entities.java,2260
JxPath,10,src/java/org/apache/commons/jxpath/ri/JXPathContextReferenceImpl.java,323
JxPath,10,src/java/org/apache/commons/jxpath/ri/compiler/CoreOperationCompare.java,130
JxPath,10,src/java/org/apache/commons/jxpath/ri/JXPathContextReferenceImpl.java,408
JxPath,10,src/java/org/apache/commons/jxpath/ri/JXPathContextReferenceImpl.java,342
JxPath,10,src/java/org/apache/commons/jxpath/ri/JXPathContextReferenceImpl.java,491
JxPath,10,src/java/org/apache/commons/jxpath/ri/JXPathContextReferenceImpl.java,495
JxPath,10,src/java/org/apache/commons/jxpath/ri/compiler/CoreOperationCompare.java,140
JxPath,10,src/java/org/apache/commons/jxpath/ri/JXPathContextReferenceImpl.java,498
JxPath,10,src/java/org/apache/commons/jxpath/ri/JXPathContextReferenceImpl.java,413
JxPath,10,src/java/org/apache/commons/jxpath/ri/JXPathContextReferenceImpl.java,334
Lang,16,src/main/java/org/apache/commons/lang3/math/NumberUtils.java,664
Lang,16,src/main/java/org/apache/commons/lang3/StringUtils.java,5106
Lang,16,src/main/java/org/apache/commons/lang3/math/NumberUtils.java,659
Lang,16,src/main/java/org/apache/commons/lang3/math/NumberUtils.java,499
Lang,16,src/main/java/org/apache/commons/lang3/StringUtils.java,5104
Lang,16,src/main/java/org/apache/commons/lang3/text/translate/CharSequenceTranslator.java,122
Lang,16,src/main/java/org/apache/commons/lang3/math/NumberUtils.java,490
Lang,16,src/main/java/org/apache/commons/lang3/math/NumberUtils.java,529
Lang,16,src/main/java/org/apache/commons/lang3/text/translate/CharSequenceTranslator.java,121
Lang,16,src/main/java/org/apache/commons/lang3/math/NumberUtils.java,528
Lang,21,src/main/java/org/apache/commons/lang3/time/DateUtils.java,262
Lang,21,src/main/java/org/apache/commons/lang3/time/DateUtils.java,265
Lang,21,src/main/java/org/apache/commons/lang3/time/DateUtils.java,258
Lang,21,src/main/java/org/apache/commons/lang3/time/DateUtils.java,203
Lang,21,src/main/java/org/apache/commons/lang3/time/DateUtils.java,199
Lang,21,src/main/java/org/apache/commons/lang3/time/DateUtils.java,175
Lang,21,src/main/java/org/apache/commons/lang3/time/DateUtils.java,1760
Lang,21,src/main/java/org/apache/commons/lang3/time/DateUtils.java,268
Lang,21,src/main/java/org/apache/commons/lang3/time/DateUtils.java,267
Lang,21,src/main/java/org/apache/commons/lang3/time/DateUtils.java,264
Lang,24,src/main/java/org/apache/commons/lang3/math/NumberUtils.java,1353
Lang,24,src/main/java/org/apache/commons/lang3/math/NumberUtils.java,1364
Lang,24,src/main/java/org/apache/commons/lang3/math/NumberUtils.java,1354
Lang,24,src/main/java/org/apache/commons/lang3/math/NumberUtils.java,1319
Lang,24,src/main/java/org/apache/commons/lang3/math/NumberUtils.java,1375
Lang,24,src/main/java/org/apache/commons/lang3/math/NumberUtils.java,1358
Lang,24,src/main/java/org/apache/commons/lang3/math/NumberUtils.java,1403
Lang,24,src/main/java/org/apache/commons/lang3/math/NumberUtils.java,1374
Lang,24,src/main/java/org/apache/commons/lang3/math/NumberUtils.java,1386
Lang,24,src/main/java/org/apache/commons/lang3/math/NumberUtils.java,1376
Lang,26,src/main/java/org/apache/commons/lang3/time/FastDateFormat.java,375
Lang,26,src/main/java/org/apache/commons/lang3/time/FastDateFormat.java,365
Lang,26,src/main/java/org/apache/commons/lang3/time/FastDateFormat.java,280
Lang,26,src/main/java/org/apache/commons/lang3/time/FastDateFormat.java,458
Lang,26,src/main/java/org/apache/commons/lang3/time/FastDateFormat.java,294
Lang,26,src/main/java/org/apache/commons/lang3/time/FastDateFormat.java,293
Lang,26,src/main/java/org/apache/commons/lang3/time/FastDateFormat.java,380
Lang,26,src/main/java/org/apache/commons/lang3/time/FastDateFormat.java,471
Lang,26,src/main/java/org/apache/commons/lang3/time/FastDateFormat.java,470
Lang,26,src/main/java/org/apache/commons/lang3/time/FastDateFormat.java,979
Lang,29,src/main/java/org/apache/commons/lang3/exception/ExceptionUtils.java,541
Lang,29,src/main/java/org/apache/commons/lang3/exception/ExceptionUtils.java,543
Lang,29,src/main/java/org/apache/commons/lang3/StringUtils.java,669
Lang,29,src/main/java/org/apache/commons/lang3/exception/ExceptionUtils.java,539
Lang,29,src/main/java/org/apache/commons/lang3/exception/ExceptionUtils.java,531
Lang,29,src/main/java/org/apache/commons/lang3/exception/ExceptionUtils.java,510
Lang,29,src/main/java/org/apache/commons/lang3/StringUtils.java,651
Lang,29,src/main/java/org/apache/commons/lang3/exception/ExceptionUtils.java,477
Lang,29,src/main/java/org/apache/commons/lang3/StringUtils.java,640
Lang,29,src/main/java/org/apache/commons/lang3/exception/ExceptionUtils.java,448
Lang,33,src/main/java/org/apache/commons/lang3/builder/ToStringStyle.java,621
Lang,33,src/main/java/org/apache/commons/lang3/builder/StandardToStringStyle.java,621
Lang,33,src/main/java/org/apache/commons/lang3/builder/ToStringStyle.java,2087
Lang,33,src/main/java/org/apache/commons/lang3/builder/ToStringStyle.java,2055
Lang,33,src/main/java/org/apache/commons/lang3/builder/ToStringStyle.java,2088
Lang,33,src/main/java/org/apache/commons/lang3/builder/ToStringStyle.java,2056
Lang,33,src/main/java/org/apache/commons/lang3/builder/StandardToStringStyle.java,2087
Lang,33,src/main/java/org/apache/commons/lang3/builder/ToStringStyle.java,2091
Lang,33,src/main/java/org/apache/commons/lang3/builder/StandardToStringStyle.java,2055
Lang,33,src/main/java/org/apache/commons/lang3/builder/ToStringStyle.java,2059
Lang,57,src/java/org/apache/commons/lang/LocaleUtils.java,239
Lang,57,src/java/org/apache/commons/lang/LocaleUtils.java,238
Lang,57,src/java/org/apache/commons/lang/LocaleUtils.java,236
Lang,57,src/java/org/apache/commons/lang/LocaleUtils.java,50
Lang,57,src/java/org/apache/commons/lang/LocaleUtils.java,205
Lang,57,src/java/org/apache/commons/lang/LocaleUtils.java,51
Lang,57,src/java/org/apache/commons/lang/LocaleUtils.java,273
Lang,57,src/java/org/apache/commons/lang/LocaleUtils.java,241
Lang,57,src/java/org/apache/commons/lang/LocaleUtils.java,242
Lang,57,src/java/org/apache/commons/lang/LocaleUtils.java,223
Lang,59,src/java/org/apache/commons/lang/text/StrBuilder.java,835
Lang,59,src/java/org/apache/commons/lang/text/StrBuilder.java,834
Lang,59,src/java/org/apache/commons/lang/text/StrBuilder.java,879
Lang,59,src/java/org/apache/commons/lang/text/StrBuilder.java,878
Lang,59,src/java/org/apache/commons/lang/text/StrBuilder.java,839
Lang,59,src/java/org/apache/commons/lang/text/StrBuilder.java,908
Lang,59,src/java/org/apache/commons/lang/text/StrBuilder.java,907
Lang,59,src/java/org/apache/commons/lang/text/StrBuilder.java,864
Lang,59,src/java/org/apache/commons/lang/text/StrBuilder.java,883
Lang,59,src/java/org/apache/commons/lang/text/StrBuilder.java,863
Lang,6,src/main/java/org/apache/commons/lang3/text/translate/CharSequenceTranslator.java,107
Lang,6,src/main/java/org/apache/commons/lang3/StringEscapeUtils.java,183
Lang,6,src/main/java/org/apache/commons/lang3/text/translate/CharSequenceTranslator.java,108
Lang,6,src/main/java/org/apache/commons/lang3/StringEscapeUtils.java,383
Lang,6,src/main/java/org/apache/commons/lang3/text/translate/CharSequenceTranslator.java,59
Lang,6,src/main/java/org/apache/commons/lang3/StringEscapeUtils.java,341
Lang,6,src/main/java/org/apache/commons/lang3/text/translate/CharSequenceTranslator.java,57
Lang,6,src/main/java/org/apache/commons/lang3/StringEscapeUtils.java,52
Lang,6,src/main/java/org/apache/commons/lang3/text/translate/CharSequenceTranslator.java,110
Lang,6,src/main/java/org/apache/commons/lang3/StringEscapeUtils.java,382
Lang,61,src/java/org/apache/commons/lang/builder/ReflectionToStringBuilder.java,708
Lang,61,src/java/org/apache/commons/lang/time/StopWatch.java,116
Lang,61,src/java/org/apache/commons/lang/builder/ReflectionToStringBuilder.java,703
Lang,61,src/java/org/apache/commons/lang/time/StopWatch.java,115
Lang,61,src/java/org/apache/commons/lang/builder/ReflectionToStringBuilder.java,386
Lang,61,src/java/org/apache/commons/lang/time/StopWatch.java,145
Lang,61,src/java/org/apache/commons/lang/builder/ReflectionToStringBuilder.java,156
Lang,61,src/java/org/apache/commons/lang/time/StopWatch.java,177
Lang,61,src/java/org/apache/commons/lang/builder/ReflectionToStringBuilder.java,385
Lang,61,src/java/org/apache/commons/lang/time/StopWatch.java,176
Math,104,src/java/org/apache/commons/math/special/Gamma.java,37
Math,104,src/java/org/apache/commons/math/special/Gamma.java,200
Math,104,src/java/org/apache/commons/math/special/Gamma.java,199
Math,104,src/java/org/apache/commons/math/special/Gamma.java,120
Math,104,src/java/org/apache/commons/math/special/Gamma.java,119
Math,104,src/java/org/apache/commons/math/special/Beta.java,36
Math,104,src/java/org/apache/commons/math/special/Gamma.java,240
Math,104,src/java/org/apache/commons/math/special/Gamma.java,165
Math,104,src/java/org/apache/commons/math/special/Beta.java,59
Math,104,src/java/org/apache/commons/math/special/Gamma.java,237
Math,105,src/java/org/apache/commons/math/stat/regression/SimpleRegression.java,301
Math,105,src/java/org/apache/commons/math/stat/regression/SimpleRegression.java,300
Math,105,src/java/org/apache/commons/math/stat/regression/SimpleRegression.java,390
Math,105,src/java/org/apache/commons/math/stat/regression/SimpleRegression.java,389
Math,105,src/java/org/apache/commons/math/stat/regression/SimpleRegression.java,318
Math,105,src/java/org/apache/commons/math/stat/regression/SimpleRegression.java,360
Math,105,src/java/org/apache/commons/math/stat/regression/SimpleRegression.java,314
Math,105,src/java/org/apache/commons/math/stat/regression/SimpleRegression.java,358
Math,105,src/java/org/apache/commons/math/stat/regression/SimpleRegression.java,375
Math,105,src/java/org/apache/commons/math/stat/regression/SimpleRegression.java,374
Math,11,src/main/java/org/apache/commons/math3/distribution/MultivariateNormalDistribution.java,205
Math,11,src/main/java/org/apache/commons/math3/distribution/MixtureMultivariateRealDistribution.java,102
Math,11,src/main/java/org/apache/commons/math3/distribution/MultivariateNormalDistribution.java,207
Math,11,src/main/java/org/apache/commons/math3/distribution/MixtureMultivariateRealDistribution.java,101
Math,11,src/main/java/org/apache/commons/math3/distribution/MultivariateNormalDistribution.java,229
Math,11,src/main/java/org/apache/commons/math3/distribution/MixtureMultivariateRealDistribution.java,99
Math,11,src/main/java/org/apache/commons/math3/distribution/GammaDistribution.java,67
Math,11,src/main/java/org/apache/commons/math3/distribution/MultivariateNormalDistribution.java,180
Math,11,src/main/java/org/apache/commons/math3/distribution/MultivariateNormalDistribution.java,113
Math,11,src/main/java/org/apache/commons/math3/distribution/GammaDistribution.java,58
Math,2,src/main/java/org/apache/commons/math3/util/FastMathCalc.java,607
Math,2,src/main/java/org/apache/commons/math3/random/RandomDataGenerator.java,440
Math,2,src/main/java/org/apache/commons/math3/util/FastMathCalc.java,629
Math,2,src/main/java/org/apache/commons/math3/util/FastMathCalc.java,628
Math,2,src/main/java/org/apache/commons/math3/random/RandomDataGenerator.java,439
Math,2,src/main/java/org/apache/commons/math3/util/FastMathCalc.java,610
Math,2,src/main/java/org/apache/commons/math3/util/FastMathCalc.java,609
Math,2,src/main/java/org/apache/commons/math3/util/FastMathCalc.java,602
Math,2,src/main/java/org/apache/commons/math3/random/RandomDataGenerator.java,327
Math,2,src/main/java/org/apache/commons/math3/util/FastMathCalc.java,624
Math,27,src/main/java/org/apache/commons/math3/fraction/Fraction.java,209
Math,27,src/main/java/org/apache/commons/math3/fraction/BigFraction.java,209
Math,27,src/main/java/org/apache/commons/math3/fraction/Fraction.java,624
Math,27,src/main/java/org/apache/commons/math3/fraction/Fraction.java,405
Math,27,src/main/java/org/apache/commons/math3/fraction/BigFraction.java,303
Math,27,src/main/java/org/apache/commons/math3/fraction/Fraction.java,181
Math,27,src/main/java/org/apache/commons/math3/fraction/Fraction.java,623
Math,27,src/main/java/org/apache/commons/math3/fraction/Fraction.java,406
Math,27,src/main/java/org/apache/commons/math3/fraction/Fraction.java,177
Math,27,src/main/java/org/apache/commons/math3/fraction/BigFraction.java,271
Math,30,src/main/java/org/apache/commons/math3/stat/inference/MannWhitneyUTest.java,224
Math,30,src/main/java/org/apache/commons/math3/stat/inference/MannWhitneyUTest.java,220
Math,30,src/main/java/org/apache/commons/math3/stat/inference/MannWhitneyUTest.java,231
Math,30,src/main/java/org/apache/commons/math3/stat/inference/MannWhitneyUTest.java,45
Math,30,src/main/java/org/apache/commons/math3/stat/inference/MannWhitneyUTest.java,44
Math,30,src/main/java/org/apache/commons/math3/stat/inference/TestUtils.java,316
Math,30,src/main/java/org/apache/commons/math3/stat/inference/MannWhitneyUTest.java,222
Math,30,src/main/java/org/apache/commons/math3/stat/inference/MannWhitneyUTest.java,80
Math,30,src/main/java/org/apache/commons/math3/stat/inference/TestUtils.java,329
Math,30,src/main/java/org/apache/commons/math3/stat/inference/MannWhitneyUTest.java,129
Math,32,src/main/java/org/apache/commons/math3/geometry/partitioning/BSPTree.java,490
Math,32,src/main/java/org/apache/commons/math3/geometry/euclidean/twod/PolygonsSet.java,404
Math,32,src/main/java/org/apache/commons/math3/geometry/partitioning/BSPTree.java,489
Math,32,src/main/java/org/apache/commons/math3/geometry/euclidean/twod/PolygonsSet.java,403
Math,32,src/main/java/org/apache/commons/math3/geometry/partitioning/AbstractRegion.java,263
Math,32,src/main/java/org/apache/commons/math3/geometry/partitioning/BSPTree.java,166
Math,32,src/main/java/org/apache/commons/math3/geometry/partitioning/BSPTree.java,164
Math,32,src/main/java/org/apache/commons/math3/geometry/partitioning/AbstractRegion.java,273
Math,32,src/main/java/org/apache/commons/math3/geometry/partitioning/BSPTree.java,179
Math,32,src/main/java/org/apache/commons/math3/geometry/euclidean/twod/PolygonsSet.java,405
Math,33,src/main/java/org/apache/commons/math3/optimization/direct/SimplexOptimizer.java,97
Math,33,src/main/java/org/apache/commons/math3/optimization/direct/SimplexOptimizer.java,96
Math,33,src/main/java/org/apache/commons/math3/optimization/direct/SimplexOptimizer.java,112
Math,33,src/main/java/org/apache/commons/math3/optimization/direct/SimplexOptimizer.java,111
Math,33,src/main/java/org/apache/commons/math3/optimization/direct/SimplexOptimizer.java,121
Math,33,src/main/java/org/apache/commons/math3/optimization/direct/SimplexOptimizer.java,120
Math,33,src/main/java/org/apache/commons/math3/optimization/direct/SimplexOptimizer.java,158
Math,33,src/main/java/org/apache/commons/math3/optimization/direct/SimplexOptimizer.java,159
Math,33,src/main/java/org/apache/commons/math3/optimization/direct/SimplexOptimizer.java,90
Math,33,src/main/java/org/apache/commons/math3/optimization/direct/SimplexOptimizer.java,127
Math,34,src/main/java/org/apache/commons/math3/genetics/ListPopulation.java,120
Math,34,src/main/java/org/apache/commons/math3/genetics/ListPopulation.java,119
Math,34,src/main/java/org/apache/commons/math3/genetics/ListPopulation.java,64
Math,34,src/main/java/org/apache/commons/math3/genetics/ListPopulation.java,76
Math,34,src/main/java/org/apache/commons/math3/genetics/ListPopulation.java,138
Math,34,src/main/java/org/apache/commons/math3/genetics/ListPopulation.java,93
Math,34,src/main/java/org/apache/commons/math3/genetics/ListPopulation.java,71
Math,34,src/main/java/org/apache/commons/math3/genetics/ListPopulation.java,137
Math,34,src/main/java/org/apache/commons/math3/genetics/ListPopulation.java,108
Math,34,src/main/java/org/apache/commons/math3/genetics/ListPopulation.java,52
Math,41,src/main/java/org/apache/commons/math/stat/descriptive/moment/Variance.java,322
Math,41,src/main/java/org/apache/commons/math/stat/descriptive/DescriptiveStatistics.java,600
Math,41,src/main/java/org/apache/commons/math/stat/descriptive/moment/Variance.java,318
Math,41,src/main/java/org/apache/commons/math/stat/descriptive/DescriptiveStatistics.java,417
Math,41,src/main/java/org/apache/commons/math/stat/descriptive/moment/Variance.java,320
Math,41,src/main/java/org/apache/commons/math/stat/descriptive/DescriptiveStatistics.java,599
Math,41,src/main/java/org/apache/commons/math/stat/descriptive/moment/Variance.java,314
Math,41,src/main/java/org/apache/commons/math/stat/descriptive/DescriptiveStatistics.java,416
Math,41,src/main/java/org/apache/commons/math/stat/descriptive/moment/Variance.java,262
Math,41,src/main/java/org/apache/commons/math/stat/descriptive/DescriptiveStatistics.java,415
Math,5,src/main/java/org/apache/commons/math3/complex/Complex.java,343
Math,5,src/main/java/org/apache/commons/math3/complex/Complex.java,339
Math,5,src/main/java/org/apache/commons/math3/complex/Complex.java,461
Math,5,src/main/java/org/apache/commons/math3/complex/Complex.java,65
Math,5,src/main/java/org/apache/commons/math3/complex/Complex.java,69
Math,5,src/main/java/org/apache/commons/math3/complex/Complex.java,944
Math,5,src/main/java/org/apache/commons/math3/complex/Complex.java,344
Math,5,src/main/java/org/apache/commons/math3/complex/Complex.java,480
Math,5,src/main/java/org/apache/commons/math3/complex/Complex.java,954
Math,5,src/main/java/org/apache/commons/math3/complex/Complex.java,1015
Math,57,src/main/java/org/apache/commons/math/stat/clustering/KMeansPlusPlusClusterer.java,281
Math,57,src/main/java/org/apache/commons/math/stat/clustering/KMeansPlusPlusClusterer.java,286
Math,57,src/main/java/org/apache/commons/math/stat/clustering/KMeansPlusPlusClusterer.java,291
Math,57,src/main/java/org/apache/commons/math/stat/clustering/KMeansPlusPlusClusterer.java,320
Math,57,src/main/java/org/apache/commons/math/stat/clustering/KMeansPlusPlusClusterer.java,293
Math,57,src/main/java/org/apache/commons/math/stat/clustering/KMeansPlusPlusClusterer.java,323
Math,57,src/main/java/org/apache/commons/math/stat/clustering/KMeansPlusPlusClusterer.java,93
Math,57,src/main/java/org/apache/commons/math/stat/clustering/KMeansPlusPlusClusterer.java,210
Math,57,src/main/java/org/apache/commons/math/stat/clustering/KMeansPlusPlusClusterer.java,100
Math,57,src/main/java/org/apache/commons/math/stat/clustering/KMeansPlusPlusClusterer.java,206
Math,58,src/main/java/org/apache/commons/math/optimization/fitting/GaussianFitter.java,121
Math,58,src/main/java/org/apache/commons/math/optimization/fitting/GaussianFitter.java,119
Math,58,src/main/java/org/apache/commons/math/optimization/fitting/GaussianFitter.java,83
Math,58,src/main/java/org/apache/commons/math/optimization/fitting/GaussianFitter.java,85
Math,58,src/main/java/org/apache/commons/math/optimization/fitting/GaussianFitter.java,84
Math,58,src/main/java/org/apache/commons/math/optimization/fitting/GaussianFitter.java,110
Math,58,src/main/java/org/apache/commons/math/optimization/fitting/GaussianFitter.java,120
Math,58,src/main/java/org/apache/commons/math/analysis/function/Gaussian.java,157
Math,58,src/main/java/org/apache/commons/math/optimization/fitting/GaussianFitter.java,157
Math,58,src/main/java/org/apache/commons/math/optimization/fitting/GaussianFitter.java,156
Math,59,src/main/java/org/apache/commons/math/ode/events/EventState.java,205
Math,59,src/main/java/org/apache/commons/math/util/MathUtils.java,521
Math,59,src/main/java/org/apache/commons/math/ode/events/EventState.java,95
Math,59,src/main/java/org/apache/commons/math/ode/events/EventState.java,99
Math,59,src/main/java/org/apache/commons/math/util/MathUtils.java,520
Math,59,src/main/java/org/apache/commons/math/ode/events/EventState.java,97
Math,59,src/main/java/org/apache/commons/math/util/MathUtils.java,1906
Math,59,src/main/java/org/apache/commons/math/ode/events/EventState.java,138
Math,59,src/main/java/org/apache/commons/math/util/MathUtils.java,1891
Math,59,src/main/java/org/apache/commons/math/ode/events/EventState.java,137
Math,63,src/main/java/org/apache/commons/math/stat/ranking/NaturalRanking.java,144
Math,63,src/main/java/org/apache/commons/math/util/MathUtils.java,1282
Math,63,src/main/java/org/apache/commons/math/stat/ranking/NaturalRanking.java,159
Math,63,src/main/java/org/apache/commons/math/util/MathUtils.java,1263
Math,63,src/main/java/org/apache/commons/math/stat/ranking/NaturalRanking.java,130
Math,63,src/main/java/org/apache/commons/math/util/MathUtils.java,1223
Math,63,src/main/java/org/apache/commons/math/stat/ranking/NaturalRanking.java,94
Math,63,src/main/java/org/apache/commons/math/util/MathUtils.java,1266
Math,63,src/main/java/org/apache/commons/math/stat/ranking/NaturalRanking.java,117
Math,63,src/main/java/org/apache/commons/math/util/MathUtils.java,1225
Math,69,src/main/java/org/apache/commons/math/stat/correlation/PearsonsCorrelation.java,110
Math,69,src/main/java/org/apache/commons/math/stat/correlation/SpearmansCorrelation.java,62
Math,69,src/main/java/org/apache/commons/math/stat/correlation/PearsonsCorrelation.java,97
Math,69,src/main/java/org/apache/commons/math/stat/correlation/SpearmansCorrelation.java,119
Math,69,src/main/java/org/apache/commons/math/stat/correlation/PearsonsCorrelation.java,80
Math,69,src/main/java/org/apache/commons/math/stat/correlation/SpearmansCorrelation.java,149
Math,69,src/main/java/org/apache/commons/math/stat/correlation/PearsonsCorrelation.java,108
Math,69,src/main/java/org/apache/commons/math/stat/correlation/SpearmansCorrelation.java,148
Math,69,src/main/java/org/apache/commons/math/stat/correlation/PearsonsCorrelation.java,120
Math,69,src/main/java/org/apache/commons/math/stat/correlation/SpearmansCorrelation.java,116
Math,70,src/main/java/org/apache/commons/math/analysis/solvers/BisectionSolver.java,86
Math,70,src/main/java/org/apache/commons/math/analysis/solvers/MullerSolver.java,93
Math,70,src/main/java/org/apache/commons/math/analysis/solvers/BisectionSolver.java,77
Math,70,src/main/java/org/apache/commons/math/analysis/solvers/BisectionSolver.java,100
Math,70,src/main/java/org/apache/commons/math/analysis/solvers/MullerSolver.java,102
Math,70,src/main/java/org/apache/commons/math/analysis/solvers/BisectionSolver.java,87
Math,70,src/main/java/org/apache/commons/math/analysis/solvers/BisectionSolver.java,99
Math,70,src/main/java/org/apache/commons/math/analysis/solvers/BisectionSolver.java,72
Math,70,src/main/java/org/apache/commons/math/analysis/solvers/BisectionSolver.java,66
Math,70,src/main/java/org/apache/commons/math/analysis/solvers/MullerSolver.java,72
Math,75,src/main/java/org/apache/commons/math/stat/Frequency.java,475
Math,75,src/main/java/org/apache/commons/math/stat/Frequency.java,474
Math,75,src/main/java/org/apache/commons/math/stat/Frequency.java,303
Math,75,src/main/java/org/apache/commons/math/stat/Frequency.java,302
Math,75,src/main/java/org/apache/commons/math/stat/Frequency.java,83
Math,75,src/main/java/org/apache/commons/math/stat/Frequency.java,80
Math,75,src/main/java/org/apache/commons/math/stat/Frequency.java,533
Math,75,src/main/java/org/apache/commons/math/stat/Frequency.java,521
Math,75,src/main/java/org/apache/commons/math/stat/Frequency.java,520
Math,75,src/main/java/org/apache/commons/math/stat/Frequency.java,508
Math,80,src/main/java/org/apache/commons/math/linear/EigenDecompositionImpl.java,175
Math,80,src/main/java/org/apache/commons/math/linear/EigenDecompositionImpl.java,172
Math,80,src/main/java/org/apache/commons/math/linear/EigenDecompositionImpl.java,168
Math,80,src/main/java/org/apache/commons/math/linear/EigenDecompositionImpl.java,167
Math,80,src/main/java/org/apache/commons/math/linear/EigenDecompositionImpl.java,235
Math,80,src/main/java/org/apache/commons/math/linear/EigenDecompositionImpl.java,613
Math,80,src/main/java/org/apache/commons/math/linear/EigenDecompositionImpl.java,655
Math,80,src/main/java/org/apache/commons/math/linear/EigenDecompositionImpl.java,355
Math,80,src/main/java/org/apache/commons/math/linear/EigenDecompositionImpl.java,1698
Math,80,src/main/java/org/apache/commons/math/linear/EigenDecompositionImpl.java,359
Math,82,src/main/java/org/apache/commons/math/optimization/linear/SimplexTableau.java,169
Math,82,src/main/java/org/apache/commons/math/optimization/linear/SimplexTableau.java,110
Math,82,src/main/java/org/apache/commons/math/optimization/linear/SimplexTableau.java,104
Math,82,src/main/java/org/apache/commons/math/optimization/linear/SimplexTableau.java,152
Math,82,src/main/java/org/apache/commons/math/optimization/linear/SimplexTableau.java,210
Math,82,src/main/java/org/apache/commons/math/optimization/linear/SimplexTableau.java,176
Math,82,src/main/java/org/apache/commons/math/optimization/linear/SimplexTableau.java,212
Math,82,src/main/java/org/apache/commons/math/optimization/linear/SimplexTableau.java,211
Math,82,src/main/java/org/apache/commons/math/optimization/linear/SimplexTableau.java,123
Math,82,src/main/java/org/apache/commons/math/optimization/linear/SimplexTableau.java,236
Math,85,src/java/org/apache/commons/math/distribution/NormalDistributionImpl.java,162
Math,85,src/java/org/apache/commons/math/distribution/PoissonDistributionImpl.java,185
Math,85,src/java/org/apache/commons/math/distribution/NormalDistributionImpl.java,37
Math,85,src/java/org/apache/commons/math/distribution/PoissonDistributionImpl.java,67
Math,85,src/java/org/apache/commons/math/distribution/NormalDistributionImpl.java,155
Math,85,src/java/org/apache/commons/math/distribution/PoissonDistributionImpl.java,54
Math,85,src/java/org/apache/commons/math/distribution/NormalDistributionImpl.java,125
Math,85,src/java/org/apache/commons/math/distribution/PoissonDistributionImpl.java,53
Math,85,src/java/org/apache/commons/math/distribution/NormalDistributionImpl.java,124
Math,85,src/java/org/apache/commons/math/distribution/PoissonDistributionImpl.java,149
Math,94,src/java/org/apache/commons/math/util/MathUtils.java,435
Math,94,src/java/org/apache/commons/math/fraction/Fraction.java,546
Math,94,src/java/org/apache/commons/math/util/MathUtils.java,434
Math,94,src/java/org/apache/commons/math/util/MathUtils.java,564
Math,94,src/java/org/apache/commons/math/util/MathUtils.java,563
Math,94,src/java/org/apache/commons/math/fraction/Fraction.java,524
Math,94,src/java/org/apache/commons/math/util/MathUtils.java,411
Math,94,src/java/org/apache/commons/math/util/MathUtils.java,309
Math,94,src/java/org/apache/commons/math/fraction/Fraction.java,453
Math,94,src/java/org/apache/commons/math/util/MathUtils.java,308
Math,96,src/java/org/apache/commons/math/complex/Complex.java,447
Math,96,src/java/org/apache/commons/math/complex/Complex.java,470
Math,96,src/java/org/apache/commons/math/complex/Complex.java,424
Math,96,src/java/org/apache/commons/math/complex/Complex.java,475
Math,96,src/java/org/apache/commons/math/complex/Complex.java,452
Math,96,src/java/org/apache/commons/math/complex/Complex.java,429
Math,96,src/java/org/apache/commons/math/complex/ComplexFormat.java,187
Math,96,src/java/org/apache/commons/math/complex/Complex.java,476
Math,96,src/java/org/apache/commons/math/complex/Complex.java,254
Math,96,src/java/org/apache/commons/math/complex/ComplexFormat.java,183
Mockito,24,src/org/mockito/internal/configuration/ClassPathLoader.java,157
Mockito,24,src/org/mockito/exceptions/Reporter.java,614
Mockito,24,src/org/mockito/internal/configuration/ClassPathLoader.java,156
Mockito,24,src/org/mockito/internal/configuration/ClassPathLoader.java,154
Mockito,24,src/org/mockito/exceptions/Reporter.java,613
Mockito,24,src/org/mockito/Mockito.java,1160
Mockito,24,src/org/mockito/internal/configuration/ClassPathLoader.java,152
Mockito,24,src/org/mockito/internal/configuration/ClassPathLoader.java,139
Mockito,24,src/org/mockito/Mockito.java,1159
Mockito,24,src/org/mockito/internal/configuration/ClassPathLoader.java,176
Mockito,26,src/org/mockito/internal/configuration/injection/ConstructorInjection.java,85
Mockito,26,src/org/mockito/internal/util/reflection/FieldInitializer.java,176
Mockito,26,src/org/mockito/internal/configuration/injection/ConstructorInjection.java,84
Mockito,26,src/org/mockito/internal/util/reflection/FieldInitializer.java,173
Mockito,26,src/org/mockito/internal/configuration/injection/ConstructorInjection.java,86
Mockito,26,src/org/mockito/internal/util/reflection/FieldInitializer.java,231
Mockito,26,src/org/mockito/internal/configuration/injection/ConstructorInjection.java,45
Mockito,26,src/org/mockito/internal/util/reflection/FieldInitializer.java,234
Mockito,26,src/org/mockito/internal/creation/jmock/ClassImposterizer.java,103
Mockito,26,src/org/mockito/internal/configuration/injection/ConstructorInjection.java,76
Mockito,29,src/org/mockito/ArgumentCaptor.java,123
Mockito,29,src/org/mockito/internal/configuration/DefaultAnnotationEngine.java,71
Mockito,29,src/org/mockito/ArgumentCaptor.java,122
Mockito,29,src/org/mockito/internal/configuration/DefaultAnnotationEngine.java,72
Mockito,29,src/org/mockito/ArgumentCaptor.java,85
Mockito,29,src/org/mockito/internal/configuration/DefaultAnnotationEngine.java,69
Mockito,29,src/org/mockito/ArgumentCaptor.java,84
Mockito,29,src/org/mockito/internal/configuration/DefaultAnnotationEngine.java,74
Mockito,29,src/org/mockito/MockitoAnnotations.java,90
Mockito,29,src/org/mockito/MockitoAnnotations.java,89
Mockito,34,src/org/mockito/internal/creation/jmock/ClassImposterizer.java,30
Mockito,34,src/org/mockito/internal/creation/jmock/ClassImposterizer.java,32
Mockito,34,src/org/mockito/internal/creation/jmock/ClassImposterizer.java,33
Mockito,34,src/org/mockito/internal/creation/jmock/ClassImposterizer.java,86
Mockito,34,src/org/mockito/internal/creation/jmock/ClassImposterizer.java,87
Mockito,34,src/org/mockito/internal/creation/jmock/ClassImposterizer.java,63
Mockito,34,src/org/mockito/internal/util/Primitives.java,55
Mockito,34,src/org/mockito/internal/creation/jmock/ClassImposterizer.java,101
Mockito,34,src/org/mockito/internal/creation/jmock/ClassImposterizer.java,94
Mockito,34,src/org/mockito/internal/util/Primitives.java,44
Mockito,38,src/org/mockito/Mockito.java,845
Mockito,38,src/org/mockito/internal/util/copy/LenientCopyTool.java,30
Mockito,38,src/org/mockito/Mockito.java,844
Mockito,38,src/org/mockito/internal/util/copy/LenientCopyTool.java,27
Mockito,38,src/org/mockito/Mockito.java,1177
Mockito,38,src/org/mockito/internal/util/copy/LenientCopyTool.java,37
Mockito,38,src/org/mockito/Mockito.java,1176
Mockito,38,src/org/mockito/internal/util/copy/LenientCopyTool.java,36
Mockito,38,src/org/mockito/Mockito.java,689
Mockito,38,src/org/mockito/internal/util/copy/LenientCopyTool.java,38
Mockito,5,src/org/mockito/internal/creation/util/SearchingClassLoader.java,27
Mockito,5,src/org/mockito/internal/matchers/apachecommons/EqualsBuilder.java,345
Mockito,5,src/org/mockito/internal/creation/util/SearchingClassLoader.java,40
Mockito,5,src/org/mockito/internal/matchers/apachecommons/EqualsBuilder.java,344
Mockito,5,src/org/mockito/internal/creation/cglib/AcrossJVMSerializationFeature.java,128
Mockito,5,src/org/mockito/internal/creation/util/SearchingClassLoader.java,44
Mockito,5,src/org/mockito/internal/creation/util/SearchingClassLoader.java,32
Mockito,5,src/org/mockito/internal/creation/cglib/AcrossJVMSerializationFeature.java,130
Mockito,5,src/org/mockito/internal/creation/util/SearchingClassLoader.java,31
Mockito,5,src/org/mockito/internal/matchers/apachecommons/EqualsBuilder.java,346
Mockito,8,src/org/mockito/internal/util/reflection/GenericMetadataSupport.java,228
Mockito,8,src/org/mockito/internal/util/reflection/GenericMetadataSupport.java,231
Mockito,8,src/org/mockito/internal/util/reflection/GenericMetadataSupport.java,362
Mockito,8,src/org/mockito/internal/util/reflection/GenericMetadataSupport.java,327
Mockito,8,src/org/mockito/internal/util/reflection/GenericMetadataSupport.java,199
Mockito,8,src/org/mockito/internal/util/reflection/GenericMetadataSupport.java,230
Mockito,8,src/org/mockito/internal/util/reflection/GenericMetadataSupport.java,234
Mockito,8,src/org/mockito/internal/util/reflection/GenericMetadataSupport.java,233
Mockito,8,src/org/mockito/internal/util/reflection/GenericMetadataSupport.java,203
Mockito,8,src/org/mockito/internal/util/reflection/GenericMetadataSupport.java,213
Time,16,src/main/java/org/joda/time/chrono/BasicGJChronology.java,156
Time,16,src/main/java/org/joda/time/format/DateTimeFormatter.java,116
Time,16,src/main/java/org/joda/time/chrono/BasicGJChronology.java,161
Time,16,src/main/java/org/joda/time/format/DateTimeFormatter.java,107
Time,16,src/main/java/org/joda/time/chrono/BasicGJChronology.java,50
Time,16,src/main/java/org/joda/time/chrono/BasicGJChronology.java,157
Time,16,src/main/java/org/joda/time/chrono/BasicGJChronology.java,147
Time,16,src/main/java/org/joda/time/chrono/BasicGJChronology.java,139
Time,16,src/main/java/org/joda/time/chrono/BasicGJChronology.java,138
Time,16,src/main/java/org/joda/time/chrono/BasicGJChronology.java,192
Time,19,src/main/java/org/joda/time/DateTimeZone.java,132
Time,19,src/main/java/org/joda/time/tz/DateTimeZoneBuilder.java,1443
Time,19,src/main/java/org/joda/time/DateTimeZone.java,447
Time,19,src/main/java/org/joda/time/tz/DateTimeZoneBuilder.java,1445
Time,19,src/main/java/org/joda/time/DateTimeZone.java,531
Time,19,src/main/java/org/joda/time/tz/DateTimeZoneBuilder.java,1441
Time,19,src/main/java/org/joda/time/tz/ZoneInfoCompiler.java,366
Time,19,src/main/java/org/joda/time/DateTimeZone.java,135
Time,19,src/main/java/org/joda/time/DateTimeZone.java,134
Time,19,src/main/java/org/joda/time/tz/ZoneInfoCompiler.java,387
Time,4,src/main/java/org/joda/time/format/DateTimeFormatterBuilder.java,1809
Time,4,src/main/java/org/joda/time/format/DateTimeFormatterBuilder.java,1808
Time,4,src/main/java/org/joda/time/Partial.java,404
Time,4,src/main/java/org/joda/time/format/DateTimeFormatterBuilder.java,1936
Time,4,src/main/java/org/joda/time/format/DateTimeFormatterBuilder.java,2712
Time,4,src/main/java/org/joda/time/Partial.java,257
Time,4,src/main/java/org/joda/time/format/DateTimeFormatterBuilder.java,2695
Time,4,src/main/java/org/joda/time/Partial.java,402
Time,4,src/main/java/org/joda/time/format/DateTimeFormatterBuilder.java,2578
Time,4,src/main/java/org/joda/time/Partial.java,486
