Chart,1,source/org/jfree/chart/renderer/category/AbstractCategoryItemRenderer.java,1793
Chart,1,source/org/jfree/chart/renderer/category/AbstractCategoryItemRenderer.java,1790
Chart,1,source/org/jfree/chart/plot/CategoryPlot.java,1614
Chart,1,source/org/jfree/chart/plot/CategoryPlot.java,1665
Chart,1,source/org/jfree/chart/renderer/xy/AbstractXYItemRenderer.java,984
Chart,1,source/org/jfree/chart/plot/XYPlot.java,5391
Chart,1,source/org/jfree/chart/plot/CategoryPlot.java,1684
Chart,1,source/org/jfree/chart/renderer/category/AbstractCategoryItemRenderer.java,1801
Chart,1,source/org/jfree/chart/renderer/category/AbstractCategoryItemRenderer.java,1811
Chart,1,source/org/jfree/chart/plot/CategoryPlot.java,1673
Chart,11,source/org/jfree/chart/util/ShapeUtilities.java,140
Chart,11,source/org/jfree/chart/util/ShapeUtilities.java,137
Chart,11,source/org/jfree/chart/util/ShapeUtilities.java,131
Chart,11,source/org/jfree/chart/util/ShapeUtilities.java,134
Chart,11,source/org/jfree/chart/util/ShapeUtilities.java,275
Chart,11,source/org/jfree/chart/util/ShapeUtilities.java,141
Chart,11,source/org/jfree/chart/util/ShapeUtilities.java,128
Chart,11,source/org/jfree/chart/renderer/xy/XYLineAndShapeRenderer.java,916
Chart,11,source/org/jfree/chart/util/ShapeUtilities.java,274
Chart,11,source/org/jfree/chart/util/ShapeUtilities.java,291
Chart,12,source/org/jfree/chart/plot/MultiplePiePlot.java,146
Chart,12,source/org/jfree/chart/plot/MultiplePiePlot.java,135
Chart,12,source/org/jfree/chart/plot/MultiplePiePlot.java,330
Chart,12,source/org/jfree/chart/plot/MultiplePiePlot.java,166
Chart,12,source/org/jfree/chart/plot/MultiplePiePlot.java,561
Chart,12,source/org/jfree/data/general/AbstractDataset.java,161
Chart,12,source/org/jfree/chart/ChartFactory.java,732
Chart,12,source/org/jfree/chart/ChartFactory.java,622
Chart,12,source/org/jfree/chart/plot/MultiplePiePlot.java,2093
Chart,12,source/org/jfree/chart/plot/MultiplePiePlot.java,395
Chart,9,source/org/jfree/data/time/TimeSeries.java,927
Chart,9,source/org/jfree/data/time/TimeSeries.java,947
Chart,9,source/org/jfree/data/time/TimeSeries.java,924
Chart,9,source/org/jfree/data/time/TimeSeries.java,919
Chart,9,source/org/jfree/data/time/TimeSeries.java,879
Chart,9,source/org/jfree/data/time/TimeSeries.java,889
Chart,9,source/org/jfree/data/time/TimeSeries.java,893
Chart,9,source/org/jfree/data/time/TimeSeries.java,933
Chart,9,source/org/jfree/data/time/TimeSeries.java,877
Chart,9,source/org/jfree/data/time/TimeSeries.java,494
Cli,25,src/java/org/apache/commons/cli/HelpFormatter.java,475
Cli,25,src/java/org/apache/commons/cli/HelpFormatter.java,484
Cli,25,src/java/org/apache/commons/cli/HelpFormatter.java,727
Cli,25,src/java/org/apache/commons/cli/HelpFormatter.java,491
Cli,25,src/java/org/apache/commons/cli/HelpFormatter.java,443
Cli,25,src/java/org/apache/commons/cli/HelpFormatter.java,489
Cli,25,src/java/org/apache/commons/cli/HelpFormatter.java,752
Cli,25,src/java/org/apache/commons/cli/HelpFormatter.java,825
Cli,25,src/java/org/apache/commons/cli/HelpFormatter.java,787
Cli,25,src/java/org/apache/commons/cli/HelpFormatter.java,666
Cli,28,src/java/org/apache/commons/cli/Parser.java,103
Cli,28,src/java/org/apache/commons/cli/Parser.java,268
Cli,28,src/java/org/apache/commons/cli/Parser.java,259
Cli,28,src/java/org/apache/commons/cli/Parser.java,272
Cli,28,src/java/org/apache/commons/cli/DefaultParser.java,103
Cli,28,src/java/org/apache/commons/cli/HelpFormatter.java,366
Cli,28,src/java/org/apache/commons/cli/Parser.java,263
Cli,28,src/java/org/apache/commons/cli/Parser.java,265
Cli,28,src/java/org/apache/commons/cli/Parser.java,293
Cli,28,src/java/org/apache/commons/cli/HelpFormatter.java,365
Cli,40,src/main/java/org/apache/commons/cli/TypeHandler.java,77
Cli,40,src/main/java/org/apache/commons/cli/TypeHandler.java,89
Cli,40,src/main/java/org/apache/commons/cli/TypeHandler.java,69
Cli,40,src/main/java/org/apache/commons/cli/TypeHandler.java,85
Cli,40,src/main/java/org/apache/commons/cli/TypeHandler.java,81
Cli,40,src/main/java/org/apache/commons/cli/TypeHandler.java,73
Cli,40,src/main/java/org/apache/commons/cli/TypeHandler.java,97
Cli,40,src/main/java/org/apache/commons/cli/TypeHandler.java,93
Cli,40,src/main/java/org/apache/commons/cli/TypeHandler.java,65
Cli,40,src/main/java/org/apache/commons/cli/TypeHandler.java,133
Closure,10,src/com/google/javascript/jscomp/ant/CompileTask.java,149
Closure,10,src/com/google/javascript/jscomp/PhaseOptimizer.java,385
Closure,10,src/com/google/javascript/jscomp/NodeUtil.java,1271
Closure,10,src/com/google/javascript/jscomp/PeepholeFoldConstants.java,820
Closure,10,src/com/google/javascript/jscomp/AbstractCommandLineRunner.java,679
Closure,10,src/com/google/javascript/jscomp/ant/CompileTask.java,396
Closure,10,src/com/google/javascript/jscomp/PeepholeFoldConstants.java,811
Closure,10,src/com/google/javascript/jscomp/AbstractCommandLineRunner.java,678
Closure,10,src/com/google/javascript/jscomp/ant/CompileTask.java,399
Closure,10,src/com/google/javascript/jscomp/PeepholeFoldConstants.java,818
Closure,104,src/com/google/javascript/jscomp/AliasStrings.java,429
Closure,104,src/com/google/javascript/rhino/jstype/UnionType.java,287
Closure,104,src/com/google/javascript/jscomp/NameAnalyzer.java,1183
Closure,104,src/com/google/javascript/jscomp/NameAnalyzer.java,1188
Closure,104,src/com/google/javascript/rhino/jstype/UnionType.java,279
Closure,104,src/com/google/javascript/jscomp/CodeGenerator.java,106
Closure,104,src/com/google/javascript/jscomp/NameAnalyzer.java,1017
Closure,104,src/com/google/javascript/rhino/jstype/UnionType.java,275
Closure,104,src/com/google/javascript/rhino/jstype/UnionType.java,274
Closure,104,src/com/google/javascript/rhino/jstype/JSType.java,592
Closure,113,src/com/google/javascript/jscomp/ProcessClosurePrimitives.java,172
Closure,113,src/com/google/javascript/jscomp/ProcessClosurePrimitives.java,302
Closure,113,src/com/google/javascript/jscomp/ProcessClosurePrimitives.java,1227
Closure,113,src/com/google/javascript/jscomp/ProcessClosurePrimitives.java,1228
Closure,113,src/com/google/javascript/jscomp/ProcessClosurePrimitives.java,223
Closure,113,src/com/google/javascript/jscomp/ProcessClosurePrimitives.java,301
Closure,113,src/com/google/javascript/jscomp/ProcessClosurePrimitives.java,215
Closure,113,src/com/google/javascript/jscomp/ProcessClosurePrimitives.java,169
Closure,113,src/com/google/javascript/jscomp/ProcessClosurePrimitives.java,298
Closure,113,src/com/google/javascript/jscomp/ProcessClosurePrimitives.java,1231
Closure,114,src/com/google/javascript/jscomp/webservice/common/Protocol.java,310
Closure,114,src/com/google/javascript/rhino/Node.java,2194
Closure,114,src/com/google/javascript/rhino/Node.java,2196
Closure,114,src/com/google/javascript/jscomp/Compiler.java,227
Closure,114,src/com/google/javascript/rhino/Node.java,2195
Closure,114,src/com/google/javascript/jscomp/Tracer.java,502
Closure,114,src/com/google/javascript/rhino/Node.java,1459
Closure,114,src/com/google/javascript/jscomp/Tracer.java,503
Closure,114,src/com/google/javascript/jscomp/Tracer.java,235
Closure,114,src/com/google/javascript/jscomp/Compiler.java,102
Closure,123,src/com/google/javascript/jscomp/AbstractCommandLineRunner.java,717
Closure,123,src/com/google/javascript/jscomp/NodeUtil.java,2191
Closure,123,src/com/google/javascript/jscomp/AbstractCommandLineRunner.java,716
Closure,123,src/com/google/javascript/jscomp/parsing/IRFactory.java,1397
Closure,123,src/com/google/javascript/jscomp/CodeGenerator.java,267
Closure,123,src/com/google/javascript/jscomp/CompilerOptions.java,1978
Closure,123,src/com/google/javascript/jscomp/CodeGenerator.java,275
Closure,123,src/com/google/javascript/jscomp/CodeGenerator.java,272
Closure,123,src/com/google/javascript/jscomp/CodeGenerator.java,276
Closure,123,src/com/google/javascript/jscomp/CompilerOptions.java,2107
Closure,125,src/com/google/javascript/jscomp/Compiler.java,227
Closure,125,src/com/google/javascript/jscomp/Compiler.java,103
Closure,125,src/com/google/javascript/jscomp/type/SemanticReverseAbstractInterpreter.java,202
Closure,125,src/com/google/javascript/jscomp/Compiler.java,226
Closure,125,src/com/google/javascript/jscomp/TypeCheck.java,678
Closure,125,src/com/google/javascript/jscomp/type/SemanticReverseAbstractInterpreter.java,423
Closure,125,src/com/google/javascript/jscomp/Compiler.java,205
Closure,125,src/com/google/javascript/jscomp/Compiler.java,102
Closure,125,src/com/google/javascript/rhino/jstype/FunctionType.java,901
Closure,125,src/com/google/javascript/jscomp/Compiler.java,2582
Closure,13,src/com/google/javascript/rhino/Node.java,1017
Closure,13,src/com/google/javascript/rhino/Node.java,1016
Closure,13,src/com/google/javascript/jscomp/NameAnalyzer.java,471
Closure,13,src/com/google/javascript/jscomp/NameAnalyzer.java,1502
Closure,13,src/com/google/javascript/rhino/Node.java,141
Closure,13,src/com/google/javascript/jscomp/CompilerOptions.java,779
Closure,13,src/com/google/javascript/rhino/Node.java,125
Closure,13,src/com/google/javascript/rhino/Node.java,129
Closure,13,src/com/google/javascript/jscomp/NameAnalyzer.java,1147
Closure,13,src/com/google/javascript/jscomp/NameAnalyzer.java,478
Closure,130,src/com/google/javascript/jscomp/CompilerOptions.java,854
Closure,130,src/com/google/javascript/rhino/Node.java,1004
Closure,130,src/com/google/javascript/rhino/Node.java,1005
Closure,130,src/com/google/javascript/jscomp/DefaultPassConfig.java,1484
Closure,130,src/com/google/javascript/rhino/Node.java,112
Closure,130,src/com/google/javascript/rhino/Node.java,1017
Closure,130,src/com/google/javascript/jscomp/CompilerOptions.java,1195
Closure,130,src/com/google/javascript/rhino/Node.java,1012
Closure,130,src/com/google/javascript/jscomp/DefaultPassConfig.java,1486
Closure,130,src/com/google/javascript/rhino/Node.java,121
Closure,14,src/com/google/javascript/jscomp/ControlFlowAnalysis.java,764
Closure,14,src/com/google/javascript/jscomp/ControlFlowAnalysis.java,766
Closure,14,src/com/google/javascript/jscomp/ControlFlowAnalysis.java,767
Closure,14,src/com/google/javascript/jscomp/ControlFlowAnalysis.java,765
Closure,14,src/com/google/javascript/jscomp/ControlFlowAnalysis.java,757
Closure,14,src/com/google/javascript/jscomp/ControlFlowAnalysis.java,750
Closure,14,src/com/google/javascript/jscomp/CheckMissingReturn.java,38
Closure,14,src/com/google/javascript/jscomp/ControlFlowAnalysis.java,844
Closure,14,src/com/google/javascript/jscomp/CheckMissingReturn.java,92
Closure,14,src/com/google/javascript/jscomp/CheckMissingReturn.java,102
Closure,168,src/com/google/javascript/jscomp/TypedScopeCreator.java,2015
Closure,168,src/com/google/javascript/jscomp/TypeCheck.java,1243
Closure,168,src/com/google/javascript/jscomp/TypedScopeCreator.java,2012
Closure,168,src/com/google/javascript/jscomp/CodingConventions.java,225
Closure,168,src/com/google/javascript/jscomp/NodeUtil.java,1919
Closure,168,src/com/google/javascript/jscomp/CodingConventions.java,424
Closure,168,src/com/google/javascript/jscomp/CodingConventions.java,431
Closure,168,src/com/google/javascript/jscomp/TypeCheck.java,234
Closure,168,src/com/google/javascript/jscomp/CodingConventions.java,313
Closure,168,src/com/google/javascript/jscomp/TypedScopeCreator.java,2008
Closure,18,src/com/google/javascript/jscomp/JSModuleGraph.java,358
Closure,18,src/com/google/javascript/rhino/Node.java,2150
Closure,18,src/com/google/javascript/rhino/Node.java,2147
Closure,18,src/com/google/javascript/rhino/Node.java,2149
Closure,18,src/com/google/javascript/rhino/Node.java,1446
Closure,18,src/com/google/javascript/rhino/Node.java,1430
Closure,18,src/com/google/javascript/jscomp/CompilerOptions.java,1318
Closure,18,src/com/google/javascript/jscomp/CompilerOptions.java,1310
Closure,18,src/com/google/javascript/jscomp/JSModuleGraph.java,290
Closure,18,src/com/google/javascript/jscomp/CompilerOptions.java,1311
Closure,38,src/com/google/javascript/jscomp/CodeConsumer.java,265
Closure,38,src/com/google/javascript/jscomp/NodeUtil.java,2148
Closure,38,src/com/google/javascript/jscomp/CommandLineRunner.java,703
Closure,38,src/com/google/javascript/rhino/Node.java,171
Closure,38,src/com/google/javascript/jscomp/CommandLineRunner.java,618
Closure,38,src/com/google/javascript/jscomp/parsing/IRFactory.java,979
Closure,38,src/com/google/javascript/jscomp/Compiler.java,1982
Closure,38,src/com/google/javascript/jscomp/parsing/IRFactory.java,1153
Closure,38,src/com/google/javascript/jscomp/Compiler.java,1472
Closure,38,src/com/google/javascript/jscomp/CommandLineRunner.java,724
Closure,51,src/com/google/javascript/jscomp/AbstractCommandLineRunner.java,618
Closure,51,src/com/google/debugging/sourcemap/SourceMapGeneratorV2.java,555
Closure,51,src/com/google/javascript/jscomp/parsing/IRFactory.java,946
Closure,51,src/com/google/javascript/jscomp/AbstractCommandLineRunner.java,617
Closure,51,src/com/google/javascript/jscomp/parsing/IRFactory.java,1121
Closure,51,src/com/google/debugging/sourcemap/SourceMapGeneratorV2.java,551
Closure,51,src/com/google/javascript/jscomp/Compiler.java,1328
Closure,51,src/com/google/debugging/sourcemap/SourceMapGeneratorV2.java,561
Closure,51,src/com/google/javascript/jscomp/Compiler.java,1327
Closure,51,src/com/google/javascript/jscomp/Compiler.java,1333
Closure,52,src/com/google/javascript/jscomp/CollapseProperties.java,705
Closure,52,src/com/google/javascript/rhino/ScriptRuntime.java,155
Closure,52,src/com/google/javascript/jscomp/parsing/IRFactory.java,402
Closure,52,src/com/google/javascript/jscomp/parsing/IRFactory.java,401
Closure,52,src/com/google/javascript/jscomp/parsing/IRFactory.java,296
Closure,52,src/com/google/javascript/jscomp/CollapseProperties.java,706
Closure,52,src/com/google/javascript/jscomp/parsing/IRFactory.java,290
Closure,52,src/com/google/javascript/jscomp/parsing/IRFactory.java,291
Closure,52,src/com/google/javascript/jscomp/parsing/IRFactory.java,300
Closure,52,src/com/google/javascript/rhino/ScriptRuntime.java,152
Closure,57,src/com/google/javascript/jscomp/ClosureCodingConvention.java,185
Closure,57,src/com/google/javascript/jscomp/Compiler.java,1832
Closure,57,src/com/google/javascript/jscomp/ClosureCodingConvention.java,194
Closure,57,src/com/google/javascript/jscomp/ClosureCodingConvention.java,195
Closure,57,src/com/google/javascript/jscomp/Compiler.java,1833
Closure,57,src/com/google/javascript/jscomp/Compiler.java,1835
Closure,57,src/com/google/javascript/rhino/Kit.java,61
Closure,57,src/com/google/javascript/jscomp/Compiler.java,583
Closure,57,src/com/google/javascript/jscomp/Compiler.java,1371
Closure,57,src/com/google/javascript/jscomp/ClosureCodingConvention.java,191
Closure,62,src/com/google/javascript/jscomp/Compiler.java,1764
Closure,62,src/com/google/javascript/jscomp/LightweightMessageFormatter.java,92
Closure,62,src/com/google/javascript/jscomp/LightweightMessageFormatter.java,91
Closure,62,src/com/google/javascript/jscomp/Compiler.java,1762
Closure,62,src/com/google/javascript/jscomp/Compiler.java,1254
Closure,62,src/com/google/javascript/jscomp/AbstractCommandLineRunner.java,284
Closure,62,src/com/google/javascript/jscomp/Compiler.java,1460
Closure,62,src/com/google/javascript/jscomp/LightweightMessageFormatter.java,59
Closure,62,src/com/google/javascript/jscomp/LightweightMessageFormatter.java,79
Closure,62,src/com/google/javascript/jscomp/AbstractCommandLineRunner.java,139
Closure,65,src/com/google/javascript/jscomp/CodePrinter.java,614
Closure,65,src/com/google/javascript/jscomp/Compiler.java,1265
Closure,65,src/com/google/javascript/jscomp/Compiler.java,172
Closure,65,src/com/google/javascript/jscomp/Compiler.java,1268
Closure,65,src/com/google/javascript/jscomp/CodePrinter.java,625
Closure,65,src/com/google/javascript/jscomp/Compiler.java,1264
Closure,65,src/com/google/javascript/jscomp/Compiler.java,171
Closure,65,src/com/google/javascript/jscomp/AbstractCompiler.java,171
Closure,65,src/com/google/javascript/jscomp/CodePrinter.java,627
Closure,65,src/com/google/javascript/jscomp/Compiler.java,1261
Closure,67,src/com/google/javascript/jscomp/ProcessTweaks.java,500
Closure,67,src/com/google/javascript/rhino/Node.java,1427
Closure,67,src/com/google/javascript/jscomp/NameReferenceGraphConstruction.java,404
Closure,67,src/com/google/javascript/jscomp/ProcessTweaks.java,487
Closure,67,src/com/google/javascript/rhino/Node.java,2261
Closure,67,src/com/google/javascript/jscomp/NameReferenceGraphConstruction.java,140
Closure,67,src/com/google/javascript/jscomp/ProcessTweaks.java,486
Closure,67,src/com/google/javascript/jscomp/ProcessTweaks.java,502
Closure,67,src/com/google/javascript/rhino/Node.java,2262
Closure,67,src/com/google/javascript/rhino/Node.java,221
Closure,70,src/com/google/javascript/jscomp/CompilerOptions.java,1131
Closure,70,src/com/google/javascript/jscomp/TypeValidator.java,552
Closure,70,src/com/google/javascript/jscomp/TypeValidator.java,553
Closure,70,src/com/google/javascript/jscomp/AbstractCommandLineRunner.java,564
Closure,70,src/com/google/javascript/jscomp/Scope.java,265
Closure,70,src/com/google/javascript/jscomp/AbstractCommandLineRunner.java,563
Closure,70,src/com/google/javascript/jscomp/parsing/JsDocInfoParser.java,1653
Closure,70,src/com/google/javascript/jscomp/AbstractCommandLineRunner.java,540
Closure,70,src/com/google/javascript/jscomp/parsing/JsDocInfoParser.java,1652
Closure,70,src/com/google/javascript/jscomp/ChainableReverseAbstractInterpreter.java,81
Closure,71,src/com/google/javascript/jscomp/CheckAccessControls.java,454
Closure,71,src/com/google/javascript/jscomp/CheckAccessControls.java,455
Closure,71,src/com/google/javascript/jscomp/CheckAccessControls.java,465
Closure,71,src/com/google/javascript/jscomp/CheckAccessControls.java,330
Closure,71,src/com/google/javascript/jscomp/CheckAccessControls.java,444
Closure,71,src/com/google/javascript/jscomp/CheckAccessControls.java,325
Closure,71,src/com/google/javascript/jscomp/CheckAccessControls.java,448
Closure,71,src/com/google/javascript/jscomp/CheckAccessControls.java,331
Closure,71,src/com/google/javascript/jscomp/CheckAccessControls.java,443
Closure,71,src/com/google/javascript/jscomp/CheckAccessControls.java,466
Closure,73,src/com/google/javascript/jscomp/CodeGenerator.java,1177
Closure,73,src/com/google/javascript/jscomp/CodeGenerator.java,1187
Closure,73,src/com/google/javascript/jscomp/CodeGenerator.java,995
Closure,73,src/com/google/javascript/jscomp/CodeGenerator.java,997
Closure,73,src/com/google/javascript/jscomp/CodeGenerator.java,1160
Closure,73,src/com/google/javascript/jscomp/CodeGenerator.java,1051
Closure,73,src/com/google/javascript/jscomp/CodeGenerator.java,1034
Closure,73,src/com/google/javascript/jscomp/CodeGenerator.java,964
Closure,73,src/com/google/debugging/sourcemap/Util.java,45
Closure,73,src/com/google/javascript/jscomp/Compiler.java,1244
Closure,86,src/com/google/javascript/jscomp/NodeUtil.java,762
Closure,86,src/com/google/javascript/jscomp/NodeUtil.java,2465
Closure,86,src/com/google/javascript/jscomp/PureFunctionIdentifier.java,820
Closure,86,src/com/google/javascript/jscomp/SideEffectsAnalysis.java,766
Closure,86,src/com/google/javascript/jscomp/SideEffectsAnalysis.java,763
Closure,86,src/com/google/javascript/jscomp/SideEffectsAnalysis.java,197
Closure,86,src/com/google/javascript/jscomp/PureFunctionIdentifier.java,280
Closure,86,src/com/google/javascript/rhino/Node.java,2166
Closure,86,src/com/google/javascript/jscomp/SideEffectsAnalysis.java,739
Closure,86,src/com/google/javascript/jscomp/SideEffectsAnalysis.java,173
Closure,92,src/com/google/javascript/jscomp/CompilerOptions.java,717
Closure,92,src/com/google/javascript/rhino/Node.java,1016
Closure,92,src/com/google/javascript/jscomp/InstrumentFunctions.java,116
Closure,92,src/com/google/javascript/jscomp/CompilerOptions.java,508
Closure,92,src/com/google/javascript/rhino/Node.java,1018
Closure,92,src/com/google/javascript/jscomp/CompilerOptions.java,465
Closure,92,src/com/google/javascript/rhino/Node.java,195
Closure,92,src/com/google/javascript/jscomp/InstrumentFunctions.java,140
Closure,92,src/com/google/javascript/rhino/Node.java,175
Closure,92,src/com/google/javascript/jscomp/InstrumentFunctions.java,139
Codec,10,src/java/org/apache/commons/codec/language/Caverphone.java,170
Codec,10,src/java/org/apache/commons/codec/language/Caverphone.java,182
Codec,10,src/java/org/apache/commons/codec/language/Caverphone.java,127
Codec,10,src/java/org/apache/commons/codec/language/Caverphone.java,160
Codec,10,src/java/org/apache/commons/codec/language/Caverphone.java,156
Codec,10,src/java/org/apache/commons/codec/language/Caverphone.java,169
Codec,10,src/java/org/apache/commons/codec/language/Caverphone.java,158
Codec,10,src/java/org/apache/commons/codec/language/Caverphone.java,157
Codec,10,src/java/org/apache/commons/codec/language/Caverphone.java,93
Codec,10,src/java/org/apache/commons/codec/net/RFC1522Codec.java,118
Codec,16,src/main/java/org/apache/commons/codec/binary/Base32.java,285
Codec,16,src/main/java/org/apache/commons/codec/binary/Base32.java,283
Codec,16,src/main/java/org/apache/commons/codec/binary/Base32.java,106
Codec,16,src/main/java/org/apache/commons/codec/binary/Base32.java,284
Codec,16,src/main/java/org/apache/commons/codec/binary/Base32.java,193
Codec,16,src/main/java/org/apache/commons/codec/binary/Base32.java,67
Codec,16,src/main/java/org/apache/commons/codec/binary/Base32.java,537
Codec,16,src/main/java/org/apache/commons/codec/binary/Base32.java,92
Codec,16,src/main/java/org/apache/commons/codec/binary/Base32.java,81
Codec,16,src/main/java/org/apache/commons/codec/binary/Base32.java,281
Codec,18,src/main/java/org/apache/commons/codec/binary/CharSequenceUtils.java,60
Codec,18,src/main/java/org/apache/commons/codec/binary/CharSequenceUtils.java,54
Codec,18,src/main/java/org/apache/commons/codec/binary/CharSequenceUtils.java,59
Codec,18,src/main/java/org/apache/commons/codec/binary/CharSequenceUtils.java,55
Codec,18,src/main/java/org/apache/commons/codec/binary/CharSequenceUtils.java,58
Codec,18,src/main/java/org/apache/commons/codec/binary/CharSequenceUtils.java,56
Codec,18,src/main/java/org/apache/commons/codec/binary/StringUtils.java,81
Codec,18,src/main/java/org/apache/commons/codec/binary/CharSequenceUtils.java,51
Codec,18,src/main/java/org/apache/commons/codec/language/bm/Rule.java,515
Codec,18,src/main/java/org/apache/commons/codec/language/bm/Rule.java,706
Codec,2,src/java/org/apache/commons/codec/binary/Base64.java,339
Codec,2,src/java/org/apache/commons/codec/binary/Base64.java,340
Codec,2,src/java/org/apache/commons/codec/binary/BinaryCodec.java,44
Codec,2,src/java/org/apache/commons/codec/binary/Base64.java,262
Codec,2,src/java/org/apache/commons/codec/binary/Base64.java,263
Codec,2,src/java/org/apache/commons/codec/binary/BinaryCodec.java,112
Codec,2,src/java/org/apache/commons/codec/binary/Base64.java,847
Codec,2,src/java/org/apache/commons/codec/binary/BinaryCodec.java,195
Codec,2,src/java/org/apache/commons/codec/binary/Base64InputStream.java,133
Codec,2,src/java/org/apache/commons/codec/binary/Base64.java,447
Codec,3,src/java/org/apache/commons/codec/language/DoubleMetaphone.java,452
Codec,3,src/java/org/apache/commons/codec/language/DoubleMetaphone.java,437
Codec,3,src/java/org/apache/commons/codec/language/DoubleMetaphone.java,455
Codec,3,src/java/org/apache/commons/codec/language/DoubleMetaphone.java,441
Codec,3,src/java/org/apache/commons/codec/language/DoubleMetaphone.java,601
Codec,3,src/java/org/apache/commons/codec/language/DoubleMetaphone.java,449
Codec,3,src/java/org/apache/commons/codec/language/DoubleMetaphone.java,434
Codec,3,src/java/org/apache/commons/codec/language/DoubleMetaphone.java,424
Codec,3,src/java/org/apache/commons/codec/language/DoubleMetaphone.java,422
Codec,3,src/java/org/apache/commons/codec/language/DoubleMetaphone.java,130
Codec,4,src/java/org/apache/commons/codec/binary/Base64.java,903
Codec,4,src/java/org/apache/commons/codec/binary/Base64.java,320
Codec,4,src/java/org/apache/commons/codec/binary/Base64.java,485
Codec,4,src/java/org/apache/commons/codec/binary/Base64.java,334
Codec,4,src/java/org/apache/commons/codec/binary/Base64.java,931
Codec,4,src/java/org/apache/commons/codec/binary/Base64.java,469
Codec,4,src/java/org/apache/commons/codec/binary/Base64.java,335
Codec,4,src/java/org/apache/commons/codec/binary/Base64.java,917
Codec,4,src/java/org/apache/commons/codec/binary/Base64.java,653
Codec,4,src/java/org/apache/commons/codec/binary/Base64.java,470
Codec,7,src/java/org/apache/commons/codec/binary/Base64.java,833
Codec,7,src/java/org/apache/commons/codec/binary/Base64.java,783
Codec,7,src/java/org/apache/commons/codec/binary/Base64.java,670
Codec,7,src/java/org/apache/commons/codec/binary/Base64.java,934
Codec,7,src/java/org/apache/commons/codec/binary/StringUtils.java,283
Codec,7,src/java/org/apache/commons/codec/binary/Base64.java,801
Codec,7,src/java/org/apache/commons/codec/binary/Base64.java,856
Codec,7,src/java/org/apache/commons/codec/binary/Hex.java,82
Codec,7,src/java/org/apache/commons/codec/binary/Base64.java,683
Codec,7,src/java/org/apache/commons/codec/binary/Hex.java,85
Codec,9,src/java/org/apache/commons/codec/binary/Base64.java,835
Codec,9,src/java/org/apache/commons/codec/binary/Base64.java,979
Codec,9,src/java/org/apache/commons/codec/binary/Base64.java,803
Codec,9,src/java/org/apache/commons/codec/binary/Base64.java,667
Codec,9,src/java/org/apache/commons/codec/binary/Base64.java,829
Codec,9,src/java/org/apache/commons/codec/binary/Base64.java,978
Codec,9,src/java/org/apache/commons/codec/binary/Base64.java,785
Codec,9,src/java/org/apache/commons/codec/binary/Base64.java,828
Codec,9,src/java/org/apache/commons/codec/binary/Base64.java,980
Codec,9,src/java/org/apache/commons/codec/binary/Base64.java,332
Collections,26,src/main/java/org/apache/commons/collections4/keyvalue/MultiKey.java,67
Collections,26,src/main/java/org/apache/commons/collections4/functors/DefaultEquator.java,42
Collections,26,src/main/java/org/apache/commons/collections4/functors/DefaultEquator.java,76
Collections,26,src/main/java/org/apache/commons/collections4/keyvalue/MultiKey.java,165
Collections,26,src/main/java/org/apache/commons/collections4/keyvalue/MultiKey.java,269
Collections,26,src/main/java/org/apache/commons/collections4/sequence/CommandVisitor.java,127
Collections,26,src/main/java/org/apache/commons/collections4/keyvalue/MultiKey.java,253
Collections,26,src/main/java/org/apache/commons/collections4/keyvalue/MultiKey.java,252
Collections,26,src/main/java/org/apache/commons/collections4/keyvalue/MultiKey.java,263
Collections,26,src/main/java/org/apache/commons/collections4/keyvalue/MultiKey.java,224
Compress,16,src/main/java/org/apache/commons/compress/archivers/ArchiveStreamFactory.java,242
Compress,16,src/main/java/org/apache/commons/compress/archivers/ArchiveStreamFactory.java,236
Compress,16,src/main/java/org/apache/commons/compress/archivers/tar/TarArchiveInputStream.java,564
Compress,16,src/main/java/org/apache/commons/compress/archivers/ArchiveStreamFactory.java,245
Compress,16,src/main/java/org/apache/commons/compress/archivers/ArchiveStreamFactory.java,240
Compress,16,src/main/java/org/apache/commons/compress/archivers/tar/TarUtils.java,468
Compress,16,src/main/java/org/apache/commons/compress/archivers/tar/TarArchiveInputStream.java,572
Compress,16,src/main/java/org/apache/commons/compress/archivers/tar/TarArchiveInputStream.java,238
Compress,16,src/main/java/org/apache/commons/compress/archivers/ArchiveStreamFactory.java,218
Compress,16,src/main/java/org/apache/commons/compress/archivers/tar/TarUtils.java,194
Compress,19,src/main/java/org/apache/commons/compress/archivers/zip/ZipFile.java,780
Compress,19,src/main/java/org/apache/commons/compress/archivers/zip/Zip64ExtendedInformationExtraField.java,260
Compress,19,src/main/java/org/apache/commons/compress/archivers/zip/ZipFile.java,619
Compress,19,src/main/java/org/apache/commons/compress/archivers/zip/Zip64ExtendedInformationExtraField.java,259
Compress,19,src/main/java/org/apache/commons/compress/archivers/zip/ZipFile.java,617
Compress,19,src/main/java/org/apache/commons/compress/archivers/zip/ZipFile.java,611
Compress,19,src/main/java/org/apache/commons/compress/archivers/zip/ZipFile.java,778
Compress,19,src/main/java/org/apache/commons/compress/archivers/zip/ZipFile.java,779
Compress,19,src/main/java/org/apache/commons/compress/archivers/zip/ZipFile.java,260
Compress,19,src/main/java/org/apache/commons/compress/archivers/zip/ZipFile.java,209
Compress,23,src/main/java/org/apache/commons/compress/archivers/sevenz/LZMA2Decoder.java,31
Compress,23,src/main/java/org/apache/commons/compress/archivers/zip/ZipArchiveInputStream.java,446
Compress,23,src/main/java/org/apache/commons/compress/archivers/sevenz/Coders.java,114
Compress,23,src/main/java/org/apache/commons/compress/archivers/sevenz/Coders.java,111
Compress,23,src/main/java/org/apache/commons/compress/archivers/zip/ZipArchiveInputStream.java,445
Compress,23,src/main/java/org/apache/commons/compress/archivers/sevenz/Coders.java,112
Compress,23,src/main/java/org/apache/commons/compress/archivers/sevenz/Coders.java,109
Compress,23,src/main/java/org/apache/commons/compress/archivers/sevenz/SevenZFile.java,263
Compress,23,src/main/java/org/apache/commons/compress/archivers/sevenz/SevenZFile.java,266
Compress,23,src/main/java/org/apache/commons/compress/archivers/zip/ZipArchiveInputStream.java,442
Compress,38,src/main/java/org/apache/commons/compress/archivers/tar/TarArchiveEntry.java,841
Compress,38,src/main/java/org/apache/commons/compress/archivers/tar/TarArchiveEntry.java,860
Compress,38,src/main/java/org/apache/commons/compress/archivers/tar/TarArchiveEntry.java,829
Compress,38,src/main/java/org/apache/commons/compress/archivers/tar/TarArchiveEntry.java,828
Compress,38,src/main/java/org/apache/commons/compress/archivers/tar/TarUtils.java,248
Compress,38,src/main/java/org/apache/commons/compress/archivers/tar/TarArchiveEntry.java,840
Compress,38,src/main/java/org/apache/commons/compress/archivers/tar/TarUtils.java,247
Compress,38,src/main/java/org/apache/commons/compress/archivers/tar/TarArchiveOutputStream.java,299
Compress,38,src/main/java/org/apache/commons/compress/archivers/tar/TarUtils.java,140
Compress,38,src/main/java/org/apache/commons/compress/archivers/tar/TarArchiveOutputStream.java,273
Csv,1,src/main/java/org/apache/commons/csv/ExtendedBufferedReader.java,159
Csv,1,src/main/java/org/apache/commons/csv/ExtendedBufferedReader.java,147
Csv,1,src/main/java/org/apache/commons/csv/CSVLexer.java,56
Csv,1,src/main/java/org/apache/commons/csv/CSVLexer.java,117
Csv,1,src/main/java/org/apache/commons/csv/CSVParser.java,107
Csv,1,src/main/java/org/apache/commons/csv/ExtendedBufferedReader.java,91
Csv,1,src/main/java/org/apache/commons/csv/ExtendedBufferedReader.java,122
Csv,1,src/main/java/org/apache/commons/csv/CSVLexer.java,27
Csv,1,src/main/java/org/apache/commons/csv/ExtendedBufferedReader.java,80
Csv,1,src/main/java/org/apache/commons/csv/ExtendedBufferedReader.java,148
Csv,11,src/main/java/org/apache/commons/csv/CSVFormat.java,828
Csv,11,src/main/java/org/apache/commons/csv/CSVParser.java,381
Csv,11,src/main/java/org/apache/commons/csv/CSVParser.java,380
Csv,11,src/main/java/org/apache/commons/csv/CSVFormat.java,877
Csv,11,src/main/java/org/apache/commons/csv/CSVParser.java,385
Csv,11,src/main/java/org/apache/commons/csv/CSVParser.java,384
Csv,11,src/main/java/org/apache/commons/csv/CSVFormat.java,956
Csv,11,src/main/java/org/apache/commons/csv/CSVParser.java,368
Csv,11,src/main/java/org/apache/commons/csv/CSVParser.java,382
Csv,11,src/main/java/org/apache/commons/csv/CSVParser.java,366
Csv,12,src/main/java/org/apache/commons/csv/CSVFormat.java,849
Csv,12,src/main/java/org/apache/commons/csv/CSVFormat.java,505
Csv,12,src/main/java/org/apache/commons/csv/CSVParser.java,367
Csv,12,src/main/java/org/apache/commons/csv/CSVParser.java,365
Csv,12,src/main/java/org/apache/commons/csv/CSVParser.java,361
Csv,12,src/main/java/org/apache/commons/csv/CSVFormat.java,912
Csv,12,src/main/java/org/apache/commons/csv/CSVFormat.java,991
Csv,12,src/main/java/org/apache/commons/csv/CSVFormat.java,877
Csv,12,src/main/java/org/apache/commons/csv/CSVParser.java,360
Csv,12,src/main/java/org/apache/commons/csv/Lexer.java,367
Csv,14,src/main/java/org/apache/commons/csv/CSVFormat.java,1013
Csv,14,src/main/java/org/apache/commons/csv/CSVFormat.java,1040
Csv,14,src/main/java/org/apache/commons/csv/CSVFormat.java,1015
Csv,14,src/main/java/org/apache/commons/csv/CSVFormat.java,1027
Csv,14,src/main/java/org/apache/commons/csv/CSVFormat.java,1011
Csv,14,src/main/java/org/apache/commons/csv/CSVFormat.java,1012
Csv,14,src/main/java/org/apache/commons/csv/CSVFormat.java,1039
Csv,14,src/main/java/org/apache/commons/csv/CSVFormat.java,1090
Csv,14,src/main/java/org/apache/commons/csv/CSVFormat.java,1259
Csv,14,src/main/java/org/apache/commons/csv/CSVFormat.java,1078
Csv,4,src/main/java/org/apache/commons/csv/CSVParser.java,288
Csv,4,src/main/java/org/apache/commons/csv/CSVParser.java,325
Csv,4,src/main/java/org/apache/commons/csv/CSVParser.java,169
Csv,4,src/main/java/org/apache/commons/csv/CSVParser.java,172
Csv,4,src/main/java/org/apache/commons/csv/CSVParser.java,351
Csv,4,src/main/java/org/apache/commons/csv/CSVParser.java,327
Csv,4,src/main/java/org/apache/commons/csv/CSVParser.java,326
Csv,4,src/main/java/org/apache/commons/csv/CSVParser.java,367
Csv,4,src/main/java/org/apache/commons/csv/CSVParser.java,170
Csv,4,src/main/java/org/apache/commons/csv/Lexer.java,63
Gson,13,gson/src/main/java/com/google/gson/stream/JsonReader.java,672
Gson,13,gson/src/main/java/com/google/gson/stream/JsonReader.java,673
Gson,13,gson/src/main/java/com/google/gson/stream/JsonReader.java,674
Gson,13,gson/src/main/java/com/google/gson/stream/JsonReader.java,731
Gson,13,gson/src/main/java/com/google/gson/stream/JsonReader.java,670
Gson,13,gson/src/main/java/com/google/gson/stream/JsonReader.java,819
Gson,13,gson/src/main/java/com/google/gson/stream/JsonReader.java,648
Gson,13,gson/src/main/java/com/google/gson/stream/JsonReader.java,711
Gson,13,gson/src/main/java/com/google/gson/stream/JsonReader.java,732
Gson,13,gson/src/main/java/com/google/gson/stream/JsonReader.java,814
Gson,15,gson/src/main/java/com/google/gson/stream/JsonWriter.java,496
Gson,15,gson/src/main/java/com/google/gson/stream/JsonReader.java,910
Gson,15,gson/src/main/java/com/google/gson/stream/JsonWriter.java,495
Gson,15,gson/src/main/java/com/google/gson/stream/JsonWriter.java,529
Gson,15,gson/src/main/java/com/google/gson/stream/JsonWriter.java,287
Gson,15,gson/src/main/java/com/google/gson/stream/JsonWriter.java,327
Gson,15,gson/src/main/java/com/google/gson/stream/JsonWriter.java,494
Gson,15,gson/src/main/java/com/google/gson/stream/JsonWriter.java,326
Gson,15,gson/src/main/java/com/google/gson/stream/JsonReader.java,711
Gson,15,gson/src/main/java/com/google/gson/stream/JsonWriter.java,328
JacksonCore,25,src/main/java/com/fasterxml/jackson/core/json/UTF8StreamJsonParser.java,3102
JacksonCore,25,src/main/java/com/fasterxml/jackson/core/json/ReaderBasedJsonParser.java,1807
JacksonCore,25,src/main/java/com/fasterxml/jackson/core/json/UTF8StreamJsonParser.java,3104
JacksonCore,25,src/main/java/com/fasterxml/jackson/core/json/ReaderBasedJsonParser.java,1805
JacksonCore,25,src/main/java/com/fasterxml/jackson/core/json/ReaderBasedJsonParser.java,1963
JacksonCore,25,src/main/java/com/fasterxml/jackson/core/json/async/NonBlockingJsonParser.java,1725
JacksonCore,25,src/main/java/com/fasterxml/jackson/core/json/ReaderBasedJsonParser.java,1961
JacksonCore,25,src/main/java/com/fasterxml/jackson/core/json/ReaderBasedJsonParser.java,1957
JacksonCore,25,src/main/java/com/fasterxml/jackson/core/json/UTF8StreamJsonParser.java,3182
JacksonCore,25,src/main/java/com/fasterxml/jackson/core/json/UTF8StreamJsonParser.java,3123
JacksonCore,5,src/main/java/com/fasterxml/jackson/core/JsonPointer.java,204
JacksonCore,5,src/main/java/com/fasterxml/jackson/core/json/UTF8StreamJsonParser.java,2492
JacksonCore,5,src/main/java/com/fasterxml/jackson/core/JsonPointer.java,198
JacksonCore,5,src/main/java/com/fasterxml/jackson/core/JsonPointer.java,96
JacksonCore,5,src/main/java/com/fasterxml/jackson/core/json/UTF8StreamJsonParser.java,2487
JacksonCore,5,src/main/java/com/fasterxml/jackson/core/JsonPointer.java,60
JacksonCore,5,src/main/java/com/fasterxml/jackson/core/json/UTF8StreamJsonParser.java,2798
JacksonCore,5,src/main/java/com/fasterxml/jackson/core/json/UTF8JsonGenerator.java,959
JacksonCore,5,src/main/java/com/fasterxml/jackson/core/JsonPointer.java,69
JacksonCore,5,src/main/java/com/fasterxml/jackson/core/json/UTF8StreamJsonParser.java,1395
JacksonCore,8,src/main/java/com/fasterxml/jackson/core/util/TextBuffer.java,136
JacksonCore,8,src/main/java/com/fasterxml/jackson/core/util/TextBuffer.java,307
JacksonCore,8,src/main/java/com/fasterxml/jackson/core/util/TextBuffer.java,303
JacksonCore,8,src/main/java/com/fasterxml/jackson/core/util/TextBuffer.java,301
JacksonCore,8,src/main/java/com/fasterxml/jackson/core/util/TextBuffer.java,168
JacksonCore,8,src/main/java/com/fasterxml/jackson/core/json/ReaderBasedJsonParser.java,1467
JacksonCore,8,src/main/java/com/fasterxml/jackson/core/util/TextBuffer.java,162
JacksonCore,8,src/main/java/com/fasterxml/jackson/core/util/TextBuffer.java,165
JacksonCore,8,src/main/java/com/fasterxml/jackson/core/util/TextBuffer.java,161
JacksonCore,8,src/main/java/com/fasterxml/jackson/core/util/TextBuffer.java,156
JacksonDatabind,107,src/main/java/com/fasterxml/jackson/databind/jsontype/impl/TypeDeserializerBase.java,291
JacksonDatabind,107,src/main/java/com/fasterxml/jackson/databind/DeserializationContext.java,1170
JacksonDatabind,107,src/main/java/com/fasterxml/jackson/databind/jsontype/impl/TypeDeserializerBase.java,162
JacksonDatabind,107,src/main/java/com/fasterxml/jackson/databind/DeserializationContext.java,1167
JacksonDatabind,107,src/main/java/com/fasterxml/jackson/databind/DeserializationContext.java,1195
JacksonDatabind,107,src/main/java/com/fasterxml/jackson/databind/JsonMappingException.java,387
JacksonDatabind,107,src/main/java/com/fasterxml/jackson/databind/jsontype/impl/TypeDeserializerBase.java,160
JacksonDatabind,107,src/main/java/com/fasterxml/jackson/databind/jsontype/impl/TypeDeserializerBase.java,165
JacksonDatabind,107,src/main/java/com/fasterxml/jackson/databind/DeserializationContext.java,1055
JacksonDatabind,107,src/main/java/com/fasterxml/jackson/databind/DeserializationContext.java,1172
JacksonDatabind,16,src/main/java/com/fasterxml/jackson/databind/introspect/AnnotatedClass.java,926
JacksonDatabind,16,src/main/java/com/fasterxml/jackson/databind/introspect/AnnotatedClass.java,918
JacksonDatabind,16,src/main/java/com/fasterxml/jackson/databind/introspect/AnnotatedClass.java,925
JacksonDatabind,16,src/main/java/com/fasterxml/jackson/databind/introspect/AnnotatedClass.java,957
JacksonDatabind,16,src/main/java/com/fasterxml/jackson/databind/introspect/AnnotatedClass.java,732
JacksonDatabind,16,src/main/java/com/fasterxml/jackson/databind/deser/std/UUIDDeserializer.java,36
JacksonDatabind,16,src/main/java/com/fasterxml/jackson/databind/introspect/AnnotatedClass.java,422
JacksonDatabind,16,src/main/java/com/fasterxml/jackson/databind/introspect/AnnotatedClass.java,931
JacksonDatabind,16,src/main/java/com/fasterxml/jackson/databind/introspect/AnnotatedClass.java,914
JacksonDatabind,16,src/main/java/com/fasterxml/jackson/databind/introspect/AnnotatedClass.java,932
JacksonDatabind,17,src/main/java/com/fasterxml/jackson/databind/ObjectMapper.java,519
JacksonDatabind,17,src/main/java/com/fasterxml/jackson/databind/ObjectMapper.java,518
JacksonDatabind,17,src/main/java/com/fasterxml/jackson/databind/ObjectMapper.java,554
JacksonDatabind,17,src/main/java/com/fasterxml/jackson/databind/jsontype/impl/TypeDeserializerBase.java,114
JacksonDatabind,17,src/main/java/com/fasterxml/jackson/databind/ObjectMapper.java,553
JacksonDatabind,17,src/main/java/com/fasterxml/jackson/databind/JsonMappingException.java,326
JacksonDatabind,17,src/main/java/com/fasterxml/jackson/databind/DeserializationContext.java,852
JacksonDatabind,17,src/main/java/com/fasterxml/jackson/databind/DeserializationContext.java,850
JacksonDatabind,17,src/main/java/com/fasterxml/jackson/databind/ObjectMapper.java,1078
JacksonDatabind,17,src/main/java/com/fasterxml/jackson/databind/ObjectMapper.java,177
JacksonDatabind,27,src/main/java/com/fasterxml/jackson/databind/ObjectWriter.java,1231
JacksonDatabind,27,src/main/java/com/fasterxml/jackson/databind/deser/impl/ExternalTypeHandler.java,215
JacksonDatabind,27,src/main/java/com/fasterxml/jackson/databind/introspect/POJOPropertyBuilder.java,881
JacksonDatabind,27,src/main/java/com/fasterxml/jackson/databind/deser/impl/ExternalTypeHandler.java,210
JacksonDatabind,27,src/main/java/com/fasterxml/jackson/databind/deser/impl/ExternalTypeHandler.java,209
JacksonDatabind,27,src/main/java/com/fasterxml/jackson/databind/introspect/POJOPropertyBuilder.java,879
JacksonDatabind,27,src/main/java/com/fasterxml/jackson/databind/deser/impl/ExternalTypeHandler.java,207
JacksonDatabind,27,src/main/java/com/fasterxml/jackson/databind/deser/impl/ExternalTypeHandler.java,201
JacksonDatabind,27,src/main/java/com/fasterxml/jackson/databind/ObjectWriter.java,1243
JacksonDatabind,27,src/main/java/com/fasterxml/jackson/databind/deser/impl/ExternalTypeHandler.java,202
JacksonDatabind,34,src/main/java/com/fasterxml/jackson/databind/util/TokenBuffer.java,789
JacksonDatabind,34,src/main/java/com/fasterxml/jackson/databind/ser/std/NumberSerializer.java,77
JacksonDatabind,34,src/main/java/com/fasterxml/jackson/databind/ser/std/NumberSerializer.java,79
JacksonDatabind,34,src/main/java/com/fasterxml/jackson/databind/ObjectMapper.java,3466
JacksonDatabind,34,src/main/java/com/fasterxml/jackson/databind/ObjectMapper.java,2544
JacksonDatabind,34,src/main/java/com/fasterxml/jackson/databind/ser/std/NumberSerializer.java,87
JacksonDatabind,34,src/main/java/com/fasterxml/jackson/databind/util/TokenBuffer.java,1460
JacksonDatabind,34,src/main/java/com/fasterxml/jackson/databind/ObjectMapper.java,2547
JacksonDatabind,34,src/main/java/com/fasterxml/jackson/databind/ObjectMapper.java,938
JacksonDatabind,34,src/main/java/com/fasterxml/jackson/databind/ser/std/StdSerializer.java,260
JacksonDatabind,37,src/main/java/com/fasterxml/jackson/databind/JsonMappingException.java,455
JacksonDatabind,37,src/main/java/com/fasterxml/jackson/databind/deser/std/CollectionDeserializer.java,295
JacksonDatabind,37,src/main/java/com/fasterxml/jackson/databind/util/TokenBuffer.java,1242
JacksonDatabind,37,src/main/java/com/fasterxml/jackson/databind/util/TokenBuffer.java,202
JacksonDatabind,37,src/main/java/com/fasterxml/jackson/databind/deser/std/CollectionDeserializer.java,293
JacksonDatabind,37,src/main/java/com/fasterxml/jackson/databind/util/TokenBuffer.java,1359
JacksonDatabind,37,src/main/java/com/fasterxml/jackson/databind/ObjectMapper.java,673
JacksonDatabind,37,src/main/java/com/fasterxml/jackson/databind/jsontype/impl/AsPropertyTypeDeserializer.java,134
JacksonDatabind,37,src/main/java/com/fasterxml/jackson/databind/ext/OptionalHandlerFactory.java,31
JacksonDatabind,37,src/main/java/com/fasterxml/jackson/databind/jsontype/impl/TypeDeserializerBase.java,207
JacksonDatabind,46,src/main/java/com/fasterxml/jackson/databind/type/TypeBase.java,104
JacksonDatabind,46,src/main/java/com/fasterxml/jackson/databind/type/TypeBase.java,135
JacksonDatabind,46,src/main/java/com/fasterxml/jackson/databind/type/TypeBase.java,136
JacksonDatabind,46,src/main/java/com/fasterxml/jackson/databind/ObjectMapper.java,3612
JacksonDatabind,46,src/main/java/com/fasterxml/jackson/databind/ObjectMapper.java,3614
JacksonDatabind,46,src/main/java/com/fasterxml/jackson/databind/type/TypeBase.java,137
JacksonDatabind,46,src/main/java/com/fasterxml/jackson/databind/ObjectMapper.java,3580
JacksonDatabind,46,src/main/java/com/fasterxml/jackson/databind/type/TypeBase.java,139
JacksonDatabind,46,src/main/java/com/fasterxml/jackson/databind/type/TypeBase.java,145
JacksonDatabind,46,src/main/java/com/fasterxml/jackson/databind/type/MapLikeType.java,200
JacksonDatabind,57,src/main/java/com/fasterxml/jackson/databind/ObjectReader.java,1389
JacksonDatabind,57,src/main/java/com/fasterxml/jackson/databind/ObjectReader.java,1403
JacksonDatabind,57,src/main/java/com/fasterxml/jackson/databind/ObjectReader.java,1438
JacksonDatabind,57,src/main/java/com/fasterxml/jackson/databind/ObjectReader.java,1450
JacksonDatabind,57,src/main/java/com/fasterxml/jackson/databind/ObjectReader.java,1681
JacksonDatabind,57,src/main/java/com/fasterxml/jackson/databind/ObjectReader.java,1408
JacksonDatabind,57,src/main/java/com/fasterxml/jackson/databind/deser/std/UUIDDeserializer.java,129
JacksonDatabind,57,src/main/java/com/fasterxml/jackson/databind/ObjectReader.java,1439
JacksonDatabind,57,src/main/java/com/fasterxml/jackson/databind/ObjectReader.java,1680
JacksonDatabind,57,src/main/java/com/fasterxml/jackson/databind/ObjectReader.java,1406
JacksonDatabind,70,src/main/java/com/fasterxml/jackson/databind/deser/impl/BeanPropertyMap.java,261
JacksonDatabind,70,src/main/java/com/fasterxml/jackson/databind/deser/impl/BeanPropertyMap.java,517
JacksonDatabind,70,src/main/java/com/fasterxml/jackson/databind/deser/impl/BeanPropertyMap.java,450
JacksonDatabind,70,src/main/java/com/fasterxml/jackson/databind/deser/impl/BeanPropertyMap.java,515
JacksonDatabind,70,src/main/java/com/fasterxml/jackson/databind/deser/impl/BeanPropertyMap.java,519
JacksonDatabind,70,src/main/java/com/fasterxml/jackson/databind/deser/impl/BeanPropertyMap.java,514
JacksonDatabind,70,src/main/java/com/fasterxml/jackson/databind/deser/impl/BeanPropertyMap.java,509
JacksonDatabind,70,src/main/java/com/fasterxml/jackson/databind/JsonDeserializer.java,168
JacksonDatabind,70,src/main/java/com/fasterxml/jackson/databind/deser/impl/BeanPropertyMap.java,513
JacksonDatabind,70,src/main/java/com/fasterxml/jackson/databind/deser/impl/BeanPropertyMap.java,60
JacksonDatabind,71,src/main/java/com/fasterxml/jackson/databind/deser/DeserializerCache.java,587
JacksonDatabind,71,src/main/java/com/fasterxml/jackson/databind/introspect/BasicBeanDescription.java,530
JacksonDatabind,71,src/main/java/com/fasterxml/jackson/databind/deser/std/UUIDDeserializer.java,31
JacksonDatabind,71,src/main/java/com/fasterxml/jackson/databind/deser/std/StdKeyDeserializers.java,74
JacksonDatabind,71,src/main/java/com/fasterxml/jackson/databind/deser/DeserializerCache.java,168
JacksonDatabind,71,src/main/java/com/fasterxml/jackson/databind/deser/std/UUIDDeserializer.java,85
JacksonDatabind,71,src/main/java/com/fasterxml/jackson/databind/introspect/BasicBeanDescription.java,489
JacksonDatabind,71,src/main/java/com/fasterxml/jackson/databind/introspect/BasicBeanDescription.java,528
JacksonDatabind,71,src/main/java/com/fasterxml/jackson/databind/deser/std/StdKeyDeserializers.java,67
JacksonDatabind,71,src/main/java/com/fasterxml/jackson/databind/introspect/BasicBeanDescription.java,482
JacksonDatabind,82,src/main/java/com/fasterxml/jackson/databind/ObjectMapper.java,698
JacksonDatabind,82,src/main/java/com/fasterxml/jackson/databind/introspect/BasicBeanDescription.java,645
JacksonDatabind,82,src/main/java/com/fasterxml/jackson/databind/introspect/BasicBeanDescription.java,229
JacksonDatabind,82,src/main/java/com/fasterxml/jackson/databind/ObjectMapper.java,697
JacksonDatabind,82,src/main/java/com/fasterxml/jackson/databind/deser/BeanDeserializerFactory.java,636
JacksonDatabind,82,src/main/java/com/fasterxml/jackson/databind/introspect/JacksonAnnotationIntrospector.java,107
JacksonDatabind,82,src/main/java/com/fasterxml/jackson/databind/ser/BeanSerializerFactory.java,639
JacksonDatabind,82,src/main/java/com/fasterxml/jackson/databind/introspect/BasicBeanDescription.java,270
JacksonDatabind,82,src/main/java/com/fasterxml/jackson/databind/introspect/BasicBeanDescription.java,310
JacksonDatabind,82,src/main/java/com/fasterxml/jackson/databind/deser/BeanDeserializerFactory.java,497
JacksonDatabind,96,src/main/java/com/fasterxml/jackson/databind/introspect/POJOPropertiesCollector.java,856
JacksonDatabind,96,src/main/java/com/fasterxml/jackson/databind/PropertyNamingStrategy.java,193
JacksonDatabind,96,src/main/java/com/fasterxml/jackson/databind/PropertyNamingStrategy.java,59
JacksonDatabind,96,src/main/java/com/fasterxml/jackson/databind/PropertyNamingStrategy.java,77
JacksonDatabind,96,src/main/java/com/fasterxml/jackson/databind/PropertyNamingStrategy.java,40
JacksonDatabind,96,src/main/java/com/fasterxml/jackson/databind/introspect/POJOPropertiesCollector.java,304
JacksonDatabind,96,src/main/java/com/fasterxml/jackson/databind/deser/BeanDeserializerFactory.java,563
JacksonDatabind,96,src/main/java/com/fasterxml/jackson/databind/PropertyNamingStrategy.java,68
JacksonDatabind,96,src/main/java/com/fasterxml/jackson/databind/introspect/POJOPropertiesCollector.java,855
JacksonDatabind,96,src/main/java/com/fasterxml/jackson/databind/DeserializationContext.java,1446
JacksonDatabind,97,src/main/java/com/fasterxml/jackson/databind/ObjectReader.java,280
JacksonDatabind,97,src/main/java/com/fasterxml/jackson/databind/ObjectReader.java,279
JacksonDatabind,97,src/main/java/com/fasterxml/jackson/databind/ObjectMapper.java,704
JacksonDatabind,97,src/main/java/com/fasterxml/jackson/databind/ObjectReader.java,853
JacksonDatabind,97,src/main/java/com/fasterxml/jackson/databind/node/ObjectNode.java,629
JacksonDatabind,97,src/main/java/com/fasterxml/jackson/databind/type/TypeFactory.java,183
JacksonDatabind,97,src/main/java/com/fasterxml/jackson/databind/type/TypeFactory.java,184
JacksonDatabind,97,src/main/java/com/fasterxml/jackson/databind/node/POJONode.java,114
JacksonDatabind,97,src/main/java/com/fasterxml/jackson/databind/ObjectWriter.java,201
JacksonDatabind,97,src/main/java/com/fasterxml/jackson/databind/type/TypeFactory.java,178
JacksonXml,5,src/main/java/com/fasterxml/jackson/dataformat/xml/XmlMapper.java,103
JacksonXml,5,src/main/java/com/fasterxml/jackson/dataformat/xml/XmlMapper.java,104
JacksonXml,5,src/main/java/com/fasterxml/jackson/dataformat/xml/deser/XmlTokenStream.java,459
JacksonXml,5,src/main/java/com/fasterxml/jackson/dataformat/xml/XmlMapper.java,102
JacksonXml,5,src/main/java/com/fasterxml/jackson/dataformat/xml/deser/XmlTokenStream.java,309
JacksonXml,5,src/main/java/com/fasterxml/jackson/dataformat/xml/XmlFactory.java,133
JacksonXml,5,src/main/java/com/fasterxml/jackson/dataformat/xml/ser/XmlSerializerProvider.java,226
JacksonXml,5,src/main/java/com/fasterxml/jackson/dataformat/xml/XmlFactory.java,157
JacksonXml,5,src/main/java/com/fasterxml/jackson/dataformat/xml/XmlFactory.java,158
JacksonXml,5,src/main/java/com/fasterxml/jackson/dataformat/xml/ser/XmlSerializerProvider.java,223
Jsoup,15,src/main/java/org/jsoup/nodes/Element.java,864
Jsoup,15,src/main/java/org/jsoup/nodes/Element.java,954
Jsoup,15,src/main/java/org/jsoup/nodes/Element.java,858
Jsoup,15,src/main/java/org/jsoup/nodes/Element.java,935
Jsoup,15,src/main/java/org/jsoup/nodes/Element.java,920
Jsoup,15,src/main/java/org/jsoup/parser/TreeBuilder.java,551
Jsoup,15,src/main/java/org/jsoup/nodes/Element.java,895
Jsoup,15,src/main/java/org/jsoup/nodes/Element.java,852
Jsoup,15,src/main/java/org/jsoup/parser/TreeBuilder.java,74
Jsoup,15,src/main/java/org/jsoup/nodes/DataNode.java,29
Jsoup,25,src/main/java/org/jsoup/parser/Tag.java,171
Jsoup,25,src/main/java/org/jsoup/parser/HtmlTreeBuilderState.java,500
Jsoup,25,src/main/java/org/jsoup/parser/Tag.java,249
Jsoup,25,src/main/java/org/jsoup/parser/Tag.java,252
Jsoup,25,src/main/java/org/jsoup/parser/HtmlTreeBuilderState.java,498
Jsoup,25,src/main/java/org/jsoup/helper/StringUtil.java,117
Jsoup,25,src/main/java/org/jsoup/parser/HtmlTreeBuilderState.java,497
Jsoup,25,src/main/java/org/jsoup/parser/Tag.java,187
Jsoup,25,src/main/java/org/jsoup/parser/Tag.java,150
Jsoup,25,src/main/java/org/jsoup/nodes/Element.java,851
Jsoup,32,src/main/java/org/jsoup/nodes/Node.java,612
Jsoup,32,src/main/java/org/jsoup/nodes/Node.java,609
Jsoup,32,src/main/java/org/jsoup/nodes/Node.java,615
Jsoup,32,src/main/java/org/jsoup/nodes/Node.java,602
Jsoup,32,src/main/java/org/jsoup/nodes/Element.java,1138
Jsoup,32,src/main/java/org/jsoup/nodes/Node.java,596
Jsoup,32,src/main/java/org/jsoup/nodes/Node.java,610
Jsoup,32,src/main/java/org/jsoup/nodes/Attributes.java,187
Jsoup,32,src/main/java/org/jsoup/nodes/Node.java,611
Jsoup,32,src/main/java/org/jsoup/nodes/Element.java,1139
Jsoup,34,src/main/java/org/jsoup/parser/Tokeniser.java,203
Jsoup,34,src/main/java/org/jsoup/parser/TokeniserState.java,954
Jsoup,34,src/main/java/org/jsoup/parser/TokeniserState.java,1634
Jsoup,34,src/main/java/org/jsoup/parser/Tokeniser.java,201
Jsoup,34,src/main/java/org/jsoup/parser/CharacterReader.java,92
Jsoup,34,src/main/java/org/jsoup/parser/Tokeniser.java,211
Jsoup,34,src/main/java/org/jsoup/parser/Tokeniser.java,212
Jsoup,34,src/main/java/org/jsoup/parser/HtmlTreeBuilder.java,36
Jsoup,34,src/main/java/org/jsoup/parser/Parser.java,88
Jsoup,34,src/main/java/org/jsoup/parser/CharacterReader.java,91
Jsoup,37,src/main/java/org/jsoup/nodes/Document.java,305
Jsoup,37,src/main/java/org/jsoup/nodes/Element.java,1068
Jsoup,37,src/main/java/org/jsoup/nodes/Document.java,296
Jsoup,37,src/main/java/org/jsoup/nodes/TextNode.java,93
Jsoup,37,src/main/java/org/jsoup/nodes/Element.java,1083
Jsoup,37,src/main/java/org/jsoup/nodes/TextNode.java,97
Jsoup,37,src/main/java/org/jsoup/nodes/Document.java,224
Jsoup,37,src/main/java/org/jsoup/parser/HtmlTreeBuilderState.java,1459
Jsoup,37,src/main/java/org/jsoup/nodes/Attributes.java,144
Jsoup,37,src/main/java/org/jsoup/nodes/Document.java,81
Jsoup,41,src/main/java/org/jsoup/helper/HttpConnection.java,239
Jsoup,41,src/main/java/org/jsoup/helper/HttpConnection.java,240
Jsoup,41,src/main/java/org/jsoup/nodes/Attribute.java,132
Jsoup,41,src/main/java/org/jsoup/helper/HttpConnection.java,241
Jsoup,41,src/main/java/org/jsoup/nodes/Attribute.java,137
Jsoup,41,src/main/java/org/jsoup/helper/HttpConnection.java,703
Jsoup,41,src/main/java/org/jsoup/nodes/Element.java,1164
Jsoup,41,src/main/java/org/jsoup/nodes/Element.java,1173
Jsoup,41,src/main/java/org/jsoup/nodes/Attribute.java,135
Jsoup,41,src/main/java/org/jsoup/nodes/Node.java,614
Jsoup,43,src/main/java/org/jsoup/nodes/Element.java,518
Jsoup,43,src/main/java/org/jsoup/nodes/Element.java,514
Jsoup,43,src/main/java/org/jsoup/nodes/Element.java,517
Jsoup,43,src/main/java/org/jsoup/nodes/Element.java,515
Jsoup,43,src/main/java/org/jsoup/nodes/Element.java,530
Jsoup,43,src/main/java/org/jsoup/nodes/Element.java,531
Jsoup,43,src/main/java/org/jsoup/nodes/Element.java,572
Jsoup,43,src/main/java/org/jsoup/nodes/Node.java,496
Jsoup,43,src/main/java/org/jsoup/nodes/Element.java,574
Jsoup,43,src/main/java/org/jsoup/nodes/Attributes.java,172
Jsoup,45,src/main/java/org/jsoup/parser/HtmlTreeBuilder.java,401
Jsoup,45,src/main/java/org/jsoup/parser/HtmlTreeBuilder.java,398
Jsoup,45,src/main/java/org/jsoup/parser/HtmlTreeBuilderState.java,571
Jsoup,45,src/main/java/org/jsoup/parser/HtmlTreeBuilder.java,409
Jsoup,45,src/main/java/org/jsoup/parser/HtmlTreeBuilder.java,399
Jsoup,45,src/main/java/org/jsoup/parser/HtmlTreeBuilder.java,25
Jsoup,45,src/main/java/org/jsoup/parser/HtmlTreeBuilderState.java,830
Jsoup,45,src/main/java/org/jsoup/parser/HtmlTreeBuilder.java,394
Jsoup,45,src/main/java/org/jsoup/parser/HtmlTreeBuilder.java,391
Jsoup,45,src/main/java/org/jsoup/parser/TreeBuilder.java,78
Jsoup,46,src/main/java/org/jsoup/nodes/Entities.java,115
Jsoup,46,src/main/java/org/jsoup/nodes/Entities.java,84
Jsoup,46,src/main/java/org/jsoup/nodes/Document.java,520
Jsoup,46,src/main/java/org/jsoup/helper/DataUtil.java,149
Jsoup,46,src/main/java/org/jsoup/nodes/Entities.java,80
Jsoup,46,src/main/java/org/jsoup/helper/DataUtil.java,53
Jsoup,46,src/main/java/org/jsoup/nodes/Entities.java,118
Jsoup,46,src/main/java/org/jsoup/nodes/Entities.java,17
Jsoup,46,src/main/java/org/jsoup/nodes/Document.java,401
Jsoup,46,src/main/java/org/jsoup/helper/DataUtil.java,165
Jsoup,47,src/main/java/org/jsoup/nodes/Entities.java,125
Jsoup,47,src/main/java/org/jsoup/nodes/Entities.java,122
Jsoup,47,src/main/java/org/jsoup/nodes/Document.java,402
Jsoup,47,src/main/java/org/jsoup/nodes/Entities.java,131
Jsoup,47,src/main/java/org/jsoup/nodes/Entities.java,126
Jsoup,47,src/main/java/org/jsoup/nodes/Entities.java,80
Jsoup,47,src/main/java/org/jsoup/nodes/Entities.java,128
Jsoup,47,src/main/java/org/jsoup/nodes/Entities.java,84
Jsoup,47,src/main/java/org/jsoup/nodes/Entities.java,135
Jsoup,47,src/main/java/org/jsoup/nodes/Entities.java,211
Jsoup,51,src/main/java/org/jsoup/helper/W3CDom.java,85
Jsoup,51,src/main/java/org/jsoup/parser/TokeniserState.java,178
Jsoup,51,src/main/java/org/jsoup/parser/TokeniserState.java,157
Jsoup,51,src/main/java/org/jsoup/helper/HttpConnection.java,573
Jsoup,51,src/main/java/org/jsoup/helper/HttpConnection.java,575
Jsoup,51,src/main/java/org/jsoup/parser/TokeniserState.java,159
Jsoup,51,src/main/java/org/jsoup/parser/TokeniserState.java,953
Jsoup,51,src/main/java/org/jsoup/helper/HttpConnection.java,498
Jsoup,51,src/main/java/org/jsoup/parser/TokeniserState.java,951
Jsoup,51,src/main/java/org/jsoup/helper/HttpConnection.java,569
Jsoup,57,src/main/java/org/jsoup/nodes/Attributes.java,122
Jsoup,57,src/main/java/org/jsoup/nodes/Attributes.java,125
Jsoup,57,src/main/java/org/jsoup/nodes/Attributes.java,124
Jsoup,57,src/main/java/org/jsoup/nodes/Entities.java,126
Jsoup,57,src/main/java/org/jsoup/nodes/Attributes.java,319
Jsoup,57,src/main/java/org/jsoup/nodes/Entities.java,124
Jsoup,57,src/main/java/org/jsoup/nodes/Entities.java,125
Jsoup,57,src/main/java/org/jsoup/nodes/Node.java,128
Jsoup,57,src/main/java/org/jsoup/nodes/Attributes.java,311
Jsoup,57,src/main/java/org/jsoup/nodes/Attributes.java,309
Jsoup,61,src/main/java/org/jsoup/nodes/Element.java,1092
Jsoup,61,src/main/java/org/jsoup/nodes/Entities.java,126
Jsoup,61,src/main/java/org/jsoup/parser/HtmlTreeBuilder.java,397
Jsoup,61,src/main/java/org/jsoup/parser/HtmlTreeBuilder.java,387
Jsoup,61,src/main/java/org/jsoup/parser/HtmlTreeBuilder.java,412
Jsoup,61,src/main/java/org/jsoup/nodes/Element.java,1097
Jsoup,61,src/main/java/org/jsoup/nodes/Element.java,1096
Jsoup,61,src/main/java/org/jsoup/parser/HtmlTreeBuilder.java,400
Jsoup,61,src/main/java/org/jsoup/parser/HtmlTreeBuilder.java,385
Jsoup,61,src/main/java/org/jsoup/nodes/Element.java,1094
Jsoup,62,src/main/java/org/jsoup/helper/HttpConnection.java,695
Jsoup,62,src/main/java/org/jsoup/helper/HttpConnection.java,693
Jsoup,62,src/main/java/org/jsoup/helper/HttpConnection.java,483
Jsoup,62,src/main/java/org/jsoup/nodes/Entities.java,124
Jsoup,62,src/main/java/org/jsoup/helper/HttpConnection.java,746
Jsoup,62,src/main/java/org/jsoup/helper/HttpConnection.java,475
Jsoup,62,src/main/java/org/jsoup/parser/HtmlTreeBuilderState.java,771
Jsoup,62,src/main/java/org/jsoup/nodes/Entities.java,122
Jsoup,62,src/main/java/org/jsoup/parser/Parser.java,81
Jsoup,62,src/main/java/org/jsoup/parser/HtmlTreeBuilderState.java,777
Jsoup,77,src/main/java/org/jsoup/helper/HttpConnection.java,777
Jsoup,77,src/main/java/org/jsoup/parser/Parser.java,205
Jsoup,77,src/main/java/org/jsoup/helper/HttpConnection.java,778
Jsoup,77,src/main/java/org/jsoup/helper/HttpConnection.java,561
Jsoup,77,src/main/java/org/jsoup/parser/Parser.java,19
Jsoup,77,src/main/java/org/jsoup/parser/Parser.java,28
Jsoup,77,src/main/java/org/jsoup/parser/Parser.java,27
Jsoup,77,src/main/java/org/jsoup/helper/HttpConnection.java,553
Jsoup,77,src/main/java/org/jsoup/parser/XmlTreeBuilder.java,90
Jsoup,77,src/main/java/org/jsoup/Jsoup.java,181
Jsoup,86,src/main/java/org/jsoup/parser/Parser.java,207
Jsoup,86,src/main/java/org/jsoup/parser/Parser.java,136
Jsoup,86,src/main/java/org/jsoup/helper/Validate.java,103
Jsoup,86,src/main/java/org/jsoup/helper/HttpConnection.java,773
Jsoup,86,src/main/java/org/jsoup/helper/HttpConnection.java,770
Jsoup,86,src/main/java/org/jsoup/helper/HttpConnection.java,825
Jsoup,86,src/main/java/org/jsoup/helper/HttpConnection.java,555
Jsoup,86,src/main/java/org/jsoup/parser/TreeBuilder.java,26
Jsoup,86,src/main/java/org/jsoup/parser/TreeBuilder.java,16
Jsoup,86,src/main/java/org/jsoup/parser/Parser.java,24
Jsoup,88,src/main/java/org/jsoup/helper/HttpConnection.java,375
Jsoup,88,src/main/java/org/jsoup/Jsoup.java,73
Jsoup,88,src/main/java/org/jsoup/helper/Validate.java,103
Jsoup,88,src/main/java/org/jsoup/helper/HttpConnection.java,905
Jsoup,88,src/main/java/org/jsoup/parser/HtmlTreeBuilder.java,30
Jsoup,88,src/main/java/org/jsoup/safety/Whitelist.java,331
Jsoup,88,src/main/java/org/jsoup/helper/HttpConnection.java,904
Jsoup,88,src/main/java/org/jsoup/safety/Whitelist.java,452
Jsoup,88,src/main/java/org/jsoup/parser/HtmlTreeBuilder.java,32
Jsoup,88,src/main/java/org/jsoup/parser/HtmlTreeBuilder.java,60
Jsoup,9,src/main/java/org/jsoup/nodes/Entities.java,2266
Jsoup,9,src/main/java/org/jsoup/nodes/Entities.java,2258
Jsoup,9,src/main/java/org/jsoup/nodes/Entities.java,2262
Jsoup,9,src/main/java/org/jsoup/nodes/Entities.java,2268
Jsoup,9,src/main/java/org/jsoup/nodes/Entities.java,2267
Jsoup,9,src/main/java/org/jsoup/nodes/Entities.java,2263
Jsoup,9,src/main/java/org/jsoup/nodes/Entities.java,72
Jsoup,9,src/main/java/org/jsoup/nodes/Entities.java,2264
Jsoup,9,src/main/java/org/jsoup/nodes/Entities.java,2259
Jsoup,9,src/main/java/org/jsoup/nodes/Entities.java,2260
JxPath,10,src/java/org/apache/commons/jxpath/ri/EvalContext.java,303
JxPath,10,src/java/org/apache/commons/jxpath/ri/InfoSetUtil.java,123
JxPath,10,src/java/org/apache/commons/jxpath/ri/JXPathContextReferenceImpl.java,323
JxPath,10,src/java/org/apache/commons/jxpath/ri/compiler/CoreOperationCompare.java,130
JxPath,10,src/java/org/apache/commons/jxpath/ri/model/beans/NullPointer.java,133
JxPath,10,src/java/org/apache/commons/jxpath/ri/JXPathContextReferenceImpl.java,495
JxPath,10,src/java/org/apache/commons/jxpath/ri/JXPathContextReferenceImpl.java,491
JxPath,10,src/java/org/apache/commons/jxpath/ri/JXPathContextReferenceImpl.java,498
JxPath,10,src/java/org/apache/commons/jxpath/ri/compiler/CoreOperationCompare.java,140
JxPath,10,src/java/org/apache/commons/jxpath/ri/compiler/CoreOperationNotEqual.java,28
Lang,16,src/main/java/org/apache/commons/lang3/math/NumberUtils.java,664
Lang,16,src/main/java/org/apache/commons/lang3/math/NumberUtils.java,556
Lang,16,src/main/java/org/apache/commons/lang3/math/NumberUtils.java,499
Lang,16,src/main/java/org/apache/commons/lang3/math/NumberUtils.java,490
Lang,16,src/main/java/org/apache/commons/lang3/math/NumberUtils.java,531
Lang,16,src/main/java/org/apache/commons/lang3/math/NumberUtils.java,560
Lang,16,src/main/java/org/apache/commons/lang3/math/NumberUtils.java,545
Lang,16,src/main/java/org/apache/commons/lang3/math/NumberUtils.java,517
Lang,16,src/main/java/org/apache/commons/lang3/math/NumberUtils.java,559
Lang,16,src/main/java/org/apache/commons/lang3/math/NumberUtils.java,576
Lang,21,src/main/java/org/apache/commons/lang3/time/DateUtils.java,262
Lang,21,src/main/java/org/apache/commons/lang3/time/DateUtils.java,203
Lang,21,src/main/java/org/apache/commons/lang3/time/DateUtils.java,88
Lang,21,src/main/java/org/apache/commons/lang3/time/DateUtils.java,259
Lang,21,src/main/java/org/apache/commons/lang3/time/DateUtils.java,60
Lang,21,src/main/java/org/apache/commons/lang3/time/DateUtils.java,200
Lang,21,src/main/java/org/apache/commons/lang3/time/DateUtils.java,329
Lang,21,src/main/java/org/apache/commons/lang3/time/DateUtils.java,179
Lang,21,src/main/java/org/apache/commons/lang3/time/DateUtils.java,181
Lang,21,src/main/java/org/apache/commons/lang3/time/DateUtils.java,711
Lang,24,src/main/java/org/apache/commons/lang3/math/NumberUtils.java,457
Lang,24,src/main/java/org/apache/commons/lang3/math/NumberUtils.java,1386
Lang,24,src/main/java/org/apache/commons/lang3/math/NumberUtils.java,1379
Lang,24,src/main/java/org/apache/commons/lang3/math/NumberUtils.java,1354
Lang,24,src/main/java/org/apache/commons/lang3/math/NumberUtils.java,1375
Lang,24,src/main/java/org/apache/commons/lang3/math/NumberUtils.java,1376
Lang,24,src/main/java/org/apache/commons/lang3/math/NumberUtils.java,586
Lang,24,src/main/java/org/apache/commons/lang3/math/NumberUtils.java,1374
Lang,24,src/main/java/org/apache/commons/lang3/math/NumberUtils.java,553
Lang,24,src/main/java/org/apache/commons/lang3/math/NumberUtils.java,1353
Lang,26,src/main/java/org/apache/commons/lang3/time/FastDateFormat.java,375
Lang,26,src/main/java/org/apache/commons/lang3/time/FastDateFormat.java,655
Lang,26,src/main/java/org/apache/commons/lang3/time/FastDateFormat.java,1171
Lang,26,src/main/java/org/apache/commons/lang3/time/FastDateFormat.java,365
Lang,26,src/main/java/org/apache/commons/lang3/time/FastDateFormat.java,1131
Lang,26,src/main/java/org/apache/commons/lang3/time/FastDateFormat.java,1130
Lang,26,src/main/java/org/apache/commons/lang3/time/FastDateFormat.java,380
Lang,26,src/main/java/org/apache/commons/lang3/time/FastDateFormat.java,458
Lang,26,src/main/java/org/apache/commons/lang3/time/FastDateFormat.java,820
Lang,26,src/main/java/org/apache/commons/lang3/time/FastDateFormat.java,645
Lang,29,src/main/java/org/apache/commons/lang3/exception/ExceptionUtils.java,541
Lang,29,src/main/java/org/apache/commons/lang3/exception/ExceptionUtils.java,543
Lang,29,src/main/java/org/apache/commons/lang3/SystemUtils.java,1717
Lang,29,src/main/java/org/apache/commons/lang3/ArrayUtils.java,128
Lang,29,src/main/java/org/apache/commons/lang3/ArrayUtils.java,120
Lang,29,src/main/java/org/apache/commons/lang3/StringUtils.java,651
Lang,29,src/main/java/org/apache/commons/lang3/ArrayUtils.java,124
Lang,29,src/main/java/org/apache/commons/lang3/ArrayUtils.java,116
Lang,29,src/main/java/org/apache/commons/lang3/ArrayUtils.java,76
Lang,29,src/main/java/org/apache/commons/lang3/StringUtils.java,640
Lang,33,src/main/java/org/apache/commons/lang3/ClassUtils.java,910
Lang,33,src/main/java/org/apache/commons/lang3/builder/ToStringStyle.java,621
Lang,33,src/main/java/org/apache/commons/lang3/ClassUtils.java,904
Lang,33,src/main/java/org/apache/commons/lang3/builder/StandardToStringStyle.java,621
Lang,33,src/main/java/org/apache/commons/lang3/builder/ToStringStyle.java,2087
Lang,33,src/main/java/org/apache/commons/lang3/ClassUtils.java,908
Lang,33,src/main/java/org/apache/commons/lang3/builder/ToStringStyle.java,2056
Lang,33,src/main/java/org/apache/commons/lang3/ClassUtils.java,906
Lang,33,src/main/java/org/apache/commons/lang3/ClassUtils.java,903
Lang,33,src/main/java/org/apache/commons/lang3/ArrayUtils.java,95
Lang,57,src/java/org/apache/commons/lang/LocaleUtils.java,51
Lang,57,src/java/org/apache/commons/lang/LocaleUtils.java,273
Lang,57,src/java/org/apache/commons/lang/LocaleUtils.java,223
Lang,57,src/java/org/apache/commons/lang/LocaleUtils.java,239
Lang,57,src/java/org/apache/commons/lang/LocaleUtils.java,271
Lang,57,src/java/org/apache/commons/lang/LocaleUtils.java,210
Lang,57,src/java/org/apache/commons/lang/LocaleUtils.java,255
Lang,57,src/java/org/apache/commons/lang/LocaleUtils.java,241
Lang,57,src/java/org/apache/commons/lang/LocaleUtils.java,274
Lang,57,src/java/org/apache/commons/lang/LocaleUtils.java,192
Lang,59,src/java/org/apache/commons/lang/text/StrBuilder.java,880
Lang,59,src/java/org/apache/commons/lang/text/StrBuilder.java,879
Lang,59,src/java/org/apache/commons/lang/text/StrBuilder.java,883
Lang,59,src/java/org/apache/commons/lang/text/StrBuilder.java,835
Lang,59,src/java/org/apache/commons/lang/text/StrBuilder.java,884
Lang,59,src/java/org/apache/commons/lang/text/StrBuilder.java,878
Lang,59,src/java/org/apache/commons/lang/text/StrBuilder.java,834
Lang,59,src/java/org/apache/commons/lang/text/StrBuilder.java,908
Lang,59,src/java/org/apache/commons/lang/text/StrBuilder.java,111
Lang,59,src/java/org/apache/commons/lang/text/StrBuilder.java,864
Lang,6,src/main/java/org/apache/commons/lang3/StringEscapeUtils.java,183
Lang,6,src/main/java/org/apache/commons/lang3/text/translate/CharSequenceTranslator.java,108
Lang,6,src/main/java/org/apache/commons/lang3/StringEscapeUtils.java,556
Lang,6,src/main/java/org/apache/commons/lang3/StringEscapeUtils.java,52
Lang,6,src/main/java/org/apache/commons/lang3/text/translate/CharSequenceTranslator.java,59
Lang,6,src/main/java/org/apache/commons/lang3/text/translate/CharSequenceTranslator.java,110
Lang,6,src/main/java/org/apache/commons/lang3/StringEscapeUtils.java,341
Lang,6,src/main/java/org/apache/commons/lang3/text/translate/CharSequenceTranslator.java,111
Lang,6,src/main/java/org/apache/commons/lang3/StringEscapeUtils.java,72
Lang,6,src/main/java/org/apache/commons/lang3/StringEscapeUtils.java,250
Lang,61,src/java/org/apache/commons/lang/builder/ReflectionToStringBuilder.java,708
Lang,61,src/java/org/apache/commons/lang/time/StopWatch.java,116
Lang,61,src/java/org/apache/commons/lang/builder/ReflectionToStringBuilder.java,703
Lang,61,src/java/org/apache/commons/lang/text/StrBuilder.java,1186
Lang,61,src/java/org/apache/commons/lang/text/StrBuilder.java,1187
Lang,61,src/java/org/apache/commons/lang/text/StrBuilder.java,1184
Lang,61,src/java/org/apache/commons/lang/time/StopWatch.java,145
Lang,61,src/java/org/apache/commons/lang/builder/ReflectionToStringBuilder.java,156
Lang,61,src/java/org/apache/commons/lang/text/StrBuilder.java,1209
Lang,61,src/java/org/apache/commons/lang/time/StopWatch.java,176
Math,104,src/java/org/apache/commons/math/special/Gamma.java,200
Math,104,src/java/org/apache/commons/math/special/Gamma.java,237
Math,104,src/java/org/apache/commons/math/special/Gamma.java,235
Math,104,src/java/org/apache/commons/math/special/Gamma.java,120
Math,104,src/java/org/apache/commons/math/special/Gamma.java,252
Math,104,src/java/org/apache/commons/math/special/Gamma.java,256
Math,104,src/java/org/apache/commons/math/special/Gamma.java,162
Math,104,src/java/org/apache/commons/math/special/Gamma.java,233
Math,104,src/java/org/apache/commons/math/special/Gamma.java,240
Math,104,src/java/org/apache/commons/math/special/Gamma.java,248
Math,105,src/java/org/apache/commons/math/stat/regression/SimpleRegression.java,72
Math,105,src/java/org/apache/commons/math/stat/regression/SimpleRegression.java,301
Math,105,src/java/org/apache/commons/math/stat/regression/SimpleRegression.java,390
Math,105,src/java/org/apache/commons/math/stat/regression/SimpleRegression.java,318
Math,105,src/java/org/apache/commons/math/stat/regression/SimpleRegression.java,375
Math,105,src/java/org/apache/commons/math/stat/regression/SimpleRegression.java,119
Math,105,src/java/org/apache/commons/math/stat/regression/SimpleRegression.java,106
Math,105,src/java/org/apache/commons/math/stat/regression/SimpleRegression.java,118
Math,105,src/java/org/apache/commons/math/stat/regression/SimpleRegression.java,359
Math,105,src/java/org/apache/commons/math/stat/regression/SimpleRegression.java,497
Math,11,src/main/java/org/apache/commons/math3/random/RandomDataGenerator.java,121
Math,11,src/main/java/org/apache/commons/math3/distribution/MixtureMultivariateRealDistribution.java,102
Math,11,src/main/java/org/apache/commons/math3/distribution/MultivariateNormalDistribution.java,205
Math,11,src/main/java/org/apache/commons/math3/distribution/MixtureMultivariateRealDistribution.java,101
Math,11,src/main/java/org/apache/commons/math3/random/RandomDataGenerator.java,132
Math,11,src/main/java/org/apache/commons/math3/distribution/MultivariateNormalDistribution.java,207
Math,11,src/main/java/org/apache/commons/math3/distribution/MultivariateNormalDistribution.java,180
Math,11,src/main/java/org/apache/commons/math3/distribution/GammaDistribution.java,67
Math,11,src/main/java/org/apache/commons/math3/distribution/NormalDistribution.java,110
Math,11,src/main/java/org/apache/commons/math3/distribution/NormalDistribution.java,111
Math,2,src/main/java/org/apache/commons/math3/random/Well19937c.java,89
Math,2,src/main/java/org/apache/commons/math3/util/FastMathCalc.java,629
Math,2,src/main/java/org/apache/commons/math3/random/Well19937c.java,86
Math,2,src/main/java/org/apache/commons/math3/util/FastMathCalc.java,628
Math,2,src/main/java/org/apache/commons/math3/random/Well19937c.java,101
Math,2,src/main/java/org/apache/commons/math3/random/Well19937c.java,109
Math,2,src/main/java/org/apache/commons/math3/random/Well19937c.java,108
Math,2,src/main/java/org/apache/commons/math3/util/FastMathCalc.java,602
Math,2,src/main/java/org/apache/commons/math3/random/RandomDataGenerator.java,327
Math,2,src/main/java/org/apache/commons/math3/distribution/AbstractIntegerDistribution.java,193
Math,27,src/main/java/org/apache/commons/math3/fraction/Fraction.java,261
Math,27,src/main/java/org/apache/commons/math3/fraction/Fraction.java,209
Math,27,src/main/java/org/apache/commons/math3/fraction/Fraction.java,555
Math,27,src/main/java/org/apache/commons/math3/fraction/Fraction.java,597
Math,27,src/main/java/org/apache/commons/math3/fraction/Fraction.java,181
Math,27,src/main/java/org/apache/commons/math3/fraction/Fraction.java,177
Math,27,src/main/java/org/apache/commons/math3/fraction/BigFraction.java,303
Math,27,src/main/java/org/apache/commons/math3/fraction/Fraction.java,405
Math,27,src/main/java/org/apache/commons/math3/fraction/BigFraction.java,271
Math,27,src/main/java/org/apache/commons/math3/fraction/Fraction.java,319
Math,30,src/main/java/org/apache/commons/math3/stat/inference/MannWhitneyUTest.java,224
Math,30,src/main/java/org/apache/commons/math3/stat/inference/MannWhitneyUTest.java,231
Math,30,src/main/java/org/apache/commons/math3/special/Gamma.java,155
Math,30,src/main/java/org/apache/commons/math3/stat/inference/MannWhitneyUTest.java,220
Math,30,src/main/java/org/apache/commons/math3/stat/inference/MannWhitneyUTest.java,141
Math,30,src/main/java/org/apache/commons/math3/stat/inference/TestUtils.java,316
Math,30,src/main/java/org/apache/commons/math3/stat/inference/MannWhitneyUTest.java,45
Math,30,src/main/java/org/apache/commons/math3/distribution/AbstractRealDistribution.java,47
Math,30,src/main/java/org/apache/commons/math3/distribution/AbstractRealDistribution.java,50
Math,30,src/main/java/org/apache/commons/math3/stat/inference/MannWhitneyUTest.java,129
Math,32,src/main/java/org/apache/commons/math3/geometry/euclidean/twod/PolygonsSet.java,135
Math,32,src/main/java/org/apache/commons/math3/geometry/euclidean/threed/PolyhedronsSet.java,84
Math,32,src/main/java/org/apache/commons/math3/geometry/euclidean/twod/PolygonsSet.java,404
Math,32,src/main/java/org/apache/commons/math3/geometry/partitioning/BSPTree.java,490
Math,32,src/main/java/org/apache/commons/math3/geometry/euclidean/threed/PolyhedronsSet.java,83
Math,32,src/main/java/org/apache/commons/math3/geometry/euclidean/twod/SubLine.java,56
Math,32,src/main/java/org/apache/commons/math3/geometry/partitioning/AbstractRegion.java,273
Math,32,src/main/java/org/apache/commons/math3/geometry/euclidean/twod/SubLine.java,140
Math,32,src/main/java/org/apache/commons/math3/geometry/euclidean/twod/SubLine.java,139
Math,32,src/main/java/org/apache/commons/math3/geometry/partitioning/BSPTree.java,166
Math,33,src/main/java/org/apache/commons/math3/optimization/linear/Relationship.java,59
Math,33,src/main/java/org/apache/commons/math3/optimization/linear/SimplexTableau.java,407
Math,33,src/main/java/org/apache/commons/math3/optimization/direct/SimplexOptimizer.java,112
Math,33,src/main/java/org/apache/commons/math3/optimization/linear/SimplexTableau.java,406
Math,33,src/main/java/org/apache/commons/math3/optimization/direct/SimplexOptimizer.java,111
Math,33,src/main/java/org/apache/commons/math3/optimization/direct/SimplexOptimizer.java,120
Math,33,src/main/java/org/apache/commons/math3/optimization/linear/SimplexTableau.java,339
Math,33,src/main/java/org/apache/commons/math3/optimization/linear/Relationship.java,57
Math,33,src/main/java/org/apache/commons/math3/optimization/direct/SimplexOptimizer.java,90
Math,33,src/main/java/org/apache/commons/math3/optimization/direct/SimplexOptimizer.java,159
Math,34,src/main/java/org/apache/commons/math3/genetics/ListPopulation.java,108
Math,34,src/main/java/org/apache/commons/math3/genetics/ListPopulation.java,64
Math,34,src/main/java/org/apache/commons/math3/genetics/ListPopulation.java,76
Math,34,src/main/java/org/apache/commons/math3/genetics/ListPopulation.java,112
Math,34,src/main/java/org/apache/commons/math3/genetics/ListPopulation.java,209
Math,34,src/main/java/org/apache/commons/math3/genetics/ListPopulation.java,52
Math,34,src/main/java/org/apache/commons/math3/genetics/ListPopulation.java,71
Math,34,src/main/java/org/apache/commons/math3/genetics/ListPopulation.java,138
Math,34,src/main/java/org/apache/commons/math3/genetics/ListPopulation.java,119
Math,34,src/main/java/org/apache/commons/math3/genetics/ListPopulation.java,113
Math,41,src/main/java/org/apache/commons/math/stat/descriptive/moment/Variance.java,322
Math,41,src/main/java/org/apache/commons/math/stat/descriptive/moment/Variance.java,370
Math,41,src/main/java/org/apache/commons/math/stat/descriptive/moment/Variance.java,318
Math,41,src/main/java/org/apache/commons/math/stat/descriptive/moment/Variance.java,324
Math,41,src/main/java/org/apache/commons/math/stat/descriptive/moment/Variance.java,320
Math,41,src/main/java/org/apache/commons/math/stat/descriptive/moment/Variance.java,325
Math,41,src/main/java/org/apache/commons/math/stat/descriptive/DescriptiveStatistics.java,600
Math,41,src/main/java/org/apache/commons/math/stat/descriptive/moment/Variance.java,524
Math,41,src/main/java/org/apache/commons/math/stat/descriptive/AbstractUnivariateStatistic.java,266
Math,41,src/main/java/org/apache/commons/math/stat/descriptive/moment/Variance.java,525
Math,5,src/main/java/org/apache/commons/math3/complex/Complex.java,343
Math,5,src/main/java/org/apache/commons/math3/complex/Complex.java,69
Math,5,src/main/java/org/apache/commons/math3/complex/Complex.java,65
Math,5,src/main/java/org/apache/commons/math3/complex/Complex.java,67
Math,5,src/main/java/org/apache/commons/math3/complex/Complex.java,344
Math,5,src/main/java/org/apache/commons/math3/complex/Complex.java,305
Math,5,src/main/java/org/apache/commons/math3/complex/Complex.java,59
Math,5,src/main/java/org/apache/commons/math3/complex/Complex.java,345
Math,5,src/main/java/org/apache/commons/math3/complex/Complex.java,348
Math,5,src/main/java/org/apache/commons/math3/complex/Complex.java,954
Math,57,src/main/java/org/apache/commons/math/stat/clustering/KMeansPlusPlusClusterer.java,69
Math,57,src/main/java/org/apache/commons/math/stat/clustering/KMeansPlusPlusClusterer.java,176
Math,57,src/main/java/org/apache/commons/math/stat/clustering/KMeansPlusPlusClusterer.java,134
Math,57,src/main/java/org/apache/commons/math/stat/clustering/KMeansPlusPlusClusterer.java,178
Math,57,src/main/java/org/apache/commons/math/stat/clustering/KMeansPlusPlusClusterer.java,179
Math,57,src/main/java/org/apache/commons/math/stat/clustering/KMeansPlusPlusClusterer.java,188
Math,57,src/main/java/org/apache/commons/math/stat/clustering/KMeansPlusPlusClusterer.java,286
Math,57,src/main/java/org/apache/commons/math/stat/clustering/KMeansPlusPlusClusterer.java,191
Math,57,src/main/java/org/apache/commons/math/stat/clustering/KMeansPlusPlusClusterer.java,100
Math,57,src/main/java/org/apache/commons/math/stat/clustering/KMeansPlusPlusClusterer.java,189
Math,58,src/main/java/org/apache/commons/math/optimization/fitting/GaussianFitter.java,121
Math,58,src/main/java/org/apache/commons/math/optimization/fitting/GaussianFitter.java,119
Math,58,src/main/java/org/apache/commons/math/optimization/fitting/GaussianFitter.java,83
Math,58,src/main/java/org/apache/commons/math/optimization/general/LevenbergMarquardtOptimizer.java,675
Math,58,src/main/java/org/apache/commons/math/optimization/general/LevenbergMarquardtOptimizer.java,676
Math,58,src/main/java/org/apache/commons/math/optimization/fitting/GaussianFitter.java,84
Math,58,src/main/java/org/apache/commons/math/optimization/fitting/GaussianFitter.java,120
Math,58,src/main/java/org/apache/commons/math/optimization/general/LevenbergMarquardtOptimizer.java,685
Math,58,src/main/java/org/apache/commons/math/optimization/general/LevenbergMarquardtOptimizer.java,684
Math,58,src/main/java/org/apache/commons/math/optimization/general/LevenbergMarquardtOptimizer.java,690
Math,59,src/main/java/org/apache/commons/math/ode/events/EventState.java,205
Math,59,src/main/java/org/apache/commons/math/util/FastMath.java,3446
Math,59,src/main/java/org/apache/commons/math/dfp/Dfp.java,470
Math,59,src/main/java/org/apache/commons/math/dfp/Dfp.java,232
Math,59,src/main/java/org/apache/commons/math/dfp/Dfp.java,233
Math,59,src/main/java/org/apache/commons/math/util/MathUtils.java,520
Math,59,src/main/java/org/apache/commons/math/util/MathUtils.java,1906
Math,59,src/main/java/org/apache/commons/math/dfp/Dfp.java,478
Math,59,src/main/java/org/apache/commons/math/dfp/Dfp.java,236
Math,59,src/main/java/org/apache/commons/math/ode/events/EventState.java,138
Math,63,src/main/java/org/apache/commons/math/util/MathUtils.java,529
Math,63,src/main/java/org/apache/commons/math/util/MathUtils.java,530
Math,63,src/main/java/org/apache/commons/math/util/MathUtils.java,534
Math,63,src/main/java/org/apache/commons/math/stat/ranking/NaturalRanking.java,159
Math,63,src/main/java/org/apache/commons/math/util/MathUtils.java,526
Math,63,src/main/java/org/apache/commons/math/stat/ranking/NaturalRanking.java,130
Math,63,src/main/java/org/apache/commons/math/stat/ranking/NaturalRanking.java,94
Math,63,src/main/java/org/apache/commons/math/util/MathUtils.java,527
Math,63,src/main/java/org/apache/commons/math/util/MathUtils.java,1225
Math,63,src/main/java/org/apache/commons/math/util/MathUtils.java,523
Math,69,src/main/java/org/apache/commons/math/stat/correlation/PearsonsCorrelation.java,169
Math,69,src/main/java/org/apache/commons/math/stat/correlation/PearsonsCorrelation.java,170
Math,69,src/main/java/org/apache/commons/math/stat/correlation/PearsonsCorrelation.java,164
Math,69,src/main/java/org/apache/commons/math/stat/correlation/PearsonsCorrelation.java,80
Math,69,src/main/java/org/apache/commons/math/stat/correlation/PearsonsCorrelation.java,162
Math,69,src/main/java/org/apache/commons/math/stat/correlation/PearsonsCorrelation.java,166
Math,69,src/main/java/org/apache/commons/math/stat/correlation/PearsonsCorrelation.java,165
Math,69,src/main/java/org/apache/commons/math/stat/correlation/SpearmansCorrelation.java,62
Math,69,src/main/java/org/apache/commons/math/stat/correlation/SpearmansCorrelation.java,148
Math,69,src/main/java/org/apache/commons/math/stat/correlation/PearsonsCorrelation.java,108
Math,70,src/main/java/org/apache/commons/math/analysis/solvers/BisectionSolver.java,72
Math,70,src/main/java/org/apache/commons/math/analysis/solvers/BisectionSolver.java,66
Math,70,src/main/java/org/apache/commons/math/analysis/solvers/BisectionSolver.java,86
Math,70,src/main/java/org/apache/commons/math/analysis/solvers/BisectionSolver.java,87
Math,70,src/main/java/org/apache/commons/math/analysis/solvers/BisectionSolver.java,59
Math,70,src/main/java/org/apache/commons/math/analysis/solvers/BisectionSolver.java,99
Math,70,src/main/java/org/apache/commons/math/analysis/solvers/BisectionSolver.java,88
Math,70,src/main/java/org/apache/commons/math/analysis/solvers/BisectionSolver.java,80
Math,70,src/main/java/org/apache/commons/math/analysis/solvers/BisectionSolver.java,100
Math,70,src/main/java/org/apache/commons/math/analysis/solvers/BisectionSolver.java,77
Math,75,src/main/java/org/apache/commons/math/stat/Frequency.java,331
Math,75,src/main/java/org/apache/commons/math/stat/Frequency.java,342
Math,75,src/main/java/org/apache/commons/math/stat/Frequency.java,303
Math,75,src/main/java/org/apache/commons/math/stat/Frequency.java,444
Math,75,src/main/java/org/apache/commons/math/stat/Frequency.java,83
Math,75,src/main/java/org/apache/commons/math/stat/Frequency.java,403
Math,75,src/main/java/org/apache/commons/math/stat/Frequency.java,386
Math,75,src/main/java/org/apache/commons/math/stat/Frequency.java,495
Math,75,src/main/java/org/apache/commons/math/stat/Frequency.java,561
Math,75,src/main/java/org/apache/commons/math/stat/Frequency.java,353
Math,80,src/main/java/org/apache/commons/math/linear/EigenDecompositionImpl.java,175
Math,80,src/main/java/org/apache/commons/math/linear/EigenDecompositionImpl.java,172
Math,80,src/main/java/org/apache/commons/math/linear/EigenDecompositionImpl.java,168
Math,80,src/main/java/org/apache/commons/math/linear/EigenDecompositionImpl.java,871
Math,80,src/main/java/org/apache/commons/math/linear/EigenDecompositionImpl.java,872
Math,80,src/main/java/org/apache/commons/math/linear/EigenDecompositionImpl.java,613
Math,80,src/main/java/org/apache/commons/math/linear/EigenDecompositionImpl.java,655
Math,80,src/main/java/org/apache/commons/math/linear/EigenDecompositionImpl.java,1135
Math,80,src/main/java/org/apache/commons/math/linear/EigenDecompositionImpl.java,1698
Math,80,src/main/java/org/apache/commons/math/linear/EigenDecompositionImpl.java,1136
Math,82,src/main/java/org/apache/commons/math/optimization/linear/SimplexTableau.java,308
Math,82,src/main/java/org/apache/commons/math/optimization/linear/SimplexSolver.java,169
Math,82,src/main/java/org/apache/commons/math/optimization/linear/SimplexTableau.java,104
Math,82,src/main/java/org/apache/commons/math/optimization/linear/SimplexTableau.java,152
Math,82,src/main/java/org/apache/commons/math/optimization/linear/SimplexSolver.java,152
Math,82,src/main/java/org/apache/commons/math/optimization/linear/SimplexTableau.java,176
Math,82,src/main/java/org/apache/commons/math/optimization/linear/SimplexTableau.java,433
Math,82,src/main/java/org/apache/commons/math/optimization/linear/SimplexTableau.java,210
Math,82,src/main/java/org/apache/commons/math/optimization/linear/SimplexTableau.java,344
Math,82,src/main/java/org/apache/commons/math/optimization/linear/SimplexTableau.java,297
Math,85,src/java/org/apache/commons/math/analysis/solvers/UnivariateRealSolverUtils.java,199
Math,85,src/java/org/apache/commons/math/distribution/AbstractContinuousDistribution.java,88
Math,85,src/java/org/apache/commons/math/distribution/NormalDistributionImpl.java,162
Math,85,src/java/org/apache/commons/math/distribution/AbstractContinuousDistribution.java,97
Math,85,src/java/org/apache/commons/math/distribution/NormalDistributionImpl.java,178
Math,85,src/java/org/apache/commons/math/distribution/AbstractContinuousDistribution.java,100
Math,85,src/java/org/apache/commons/math/distribution/NormalDistributionImpl.java,128
Math,85,src/java/org/apache/commons/math/distribution/NormalDistributionImpl.java,126
Math,85,src/java/org/apache/commons/math/distribution/NormalDistributionImpl.java,203
Math,85,src/java/org/apache/commons/math/distribution/NormalDistributionImpl.java,229
Math,94,src/java/org/apache/commons/math/util/MathUtils.java,434
Math,94,src/java/org/apache/commons/math/util/MathUtils.java,435
Math,94,src/java/org/apache/commons/math/util/MathUtils.java,309
Math,94,src/java/org/apache/commons/math/util/MathUtils.java,413
Math,94,src/java/org/apache/commons/math/util/MathUtils.java,431
Math,94,src/java/org/apache/commons/math/util/MathUtils.java,308
Math,94,src/java/org/apache/commons/math/util/MathUtils.java,412
Math,94,src/java/org/apache/commons/math/util/MathUtils.java,563
Math,94,src/java/org/apache/commons/math/util/MathUtils.java,95
Math,94,src/java/org/apache/commons/math/util/MathUtils.java,79
Math,96,src/java/org/apache/commons/math/complex/Complex.java,254
Math,96,src/java/org/apache/commons/math/complex/Complex.java,452
Math,96,src/java/org/apache/commons/math/complex/Complex.java,57
Math,96,src/java/org/apache/commons/math/complex/Complex.java,475
Math,96,src/java/org/apache/commons/math/complex/Complex.java,54
Math,96,src/java/org/apache/commons/math/complex/Complex.java,45
Math,96,src/java/org/apache/commons/math/complex/Complex.java,429
Math,96,src/java/org/apache/commons/math/complex/Complex.java,48
Math,96,src/java/org/apache/commons/math/complex/Complex.java,872
Math,96,src/java/org/apache/commons/math/complex/Complex.java,250
Mockito,24,src/org/mockito/internal/creation/jmock/SearchingClassLoader.java,70
Mockito,24,src/org/mockito/internal/creation/jmock/SearchingClassLoader.java,71
Mockito,24,src/org/mockito/internal/configuration/ClassPathLoader.java,157
Mockito,24,src/org/mockito/internal/configuration/ClassPathLoader.java,152
Mockito,24,src/org/mockito/internal/configuration/ClassPathLoader.java,139
Mockito,24,src/org/mockito/internal/configuration/ClassPathLoader.java,140
Mockito,24,src/org/mockito/internal/util/ObjectMethodsGuru.java,41
Mockito,24,src/org/mockito/internal/creation/jmock/SearchingClassLoader.java,19
Mockito,24,src/org/mockito/internal/creation/jmock/ClassImposterizer.java,108
Mockito,24,src/org/mockito/internal/creation/jmock/ClassImposterizer.java,109
Mockito,26,src/org/mockito/internal/stubbing/defaultanswers/ReturnsMoreEmptyValues.java,59
Mockito,26,src/org/mockito/internal/creation/jmock/ClassImposterizer.java,103
Mockito,26,src/org/mockito/internal/creation/jmock/ClassImposterizer.java,80
Mockito,26,src/org/mockito/internal/creation/jmock/ClassImposterizer.java,104
Mockito,26,src/org/mockito/internal/configuration/injection/ConstructorInjection.java,87
Mockito,26,src/org/mockito/internal/configuration/injection/SpyOnInjectedFieldsHandler.java,37
Mockito,26,src/org/mockito/internal/configuration/injection/ConstructorInjection.java,85
Mockito,26,src/org/mockito/internal/creation/jmock/ClassImposterizer.java,60
Mockito,26,src/org/mockito/internal/creation/jmock/ClassImposterizer.java,75
Mockito,26,src/org/mockito/internal/configuration/injection/SpyOnInjectedFieldsHandler.java,44
Mockito,29,src/org/mockito/ArgumentCaptor.java,123
Mockito,29,src/org/mockito/internal/configuration/DefaultAnnotationEngine.java,71
Mockito,29,src/org/mockito/internal/invocation/InvocationsFinder.java,71
Mockito,29,src/org/mockito/MockitoAnnotations.java,90
Mockito,29,src/org/mockito/internal/invocation/InvocationsFinder.java,73
Mockito,29,src/org/mockito/ArgumentCaptor.java,85
Mockito,29,src/org/mockito/internal/configuration/DefaultAnnotationEngine.java,69
Mockito,29,src/org/mockito/internal/verification/argumentmatching/ArgumentMatchingTool.java,48
Mockito,29,src/org/mockito/MockitoAnnotations.java,121
Mockito,29,src/org/mockito/internal/verification/argumentmatching/ArgumentMatchingTool.java,30
Mockito,34,src/org/mockito/internal/matchers/AnyVararg.java,16
Mockito,34,src/org/mockito/internal/creation/jmock/ClassImposterizer.java,32
Mockito,34,src/org/mockito/internal/matchers/AnyVararg.java,13
Mockito,34,src/org/mockito/internal/creation/jmock/ClassImposterizer.java,86
Mockito,34,src/org/mockito/internal/creation/jmock/ClassImposterizer.java,33
Mockito,34,src/org/mockito/internal/creation/jmock/ClassImposterizer.java,87
Mockito,34,src/org/mockito/internal/util/Primitives.java,55
Mockito,34,src/org/mockito/internal/matchers/ArrayEquals.java,67
Mockito,34,src/org/mockito/internal/creation/jmock/ClassImposterizer.java,63
Mockito,34,src/org/mockito/internal/matchers/ArrayEquals.java,66
Mockito,38,src/org/mockito/internal/creation/jmock/ClassImposterizer.java,95
Mockito,38,src/org/mockito/Mockito.java,845
Mockito,38,src/org/mockito/internal/creation/jmock/ClassImposterizer.java,72
Mockito,38,src/org/mockito/internal/verification/argumentmatching/ArgumentMatchingTool.java,41
Mockito,38,src/org/mockito/Mockito.java,844
Mockito,38,src/org/mockito/Mockito.java,1177
Mockito,38,src/org/mockito/internal/creation/jmock/ClassImposterizer.java,39
Mockito,38,src/org/mockito/Mockito.java,1176
Mockito,38,src/org/mockito/internal/verification/argumentmatching/ArgumentMatchingTool.java,26
Mockito,38,src/org/mockito/internal/verification/argumentmatching/ArgumentMatchingTool.java,30
Mockito,5,src/org/mockito/internal/configuration/plugins/PluginLoader.java,59
Mockito,5,src/org/mockito/internal/configuration/plugins/PluginLoader.java,47
Mockito,5,src/org/mockito/internal/configuration/plugins/PluginLoader.java,45
Mockito,5,src/org/mockito/internal/configuration/plugins/PluginLoader.java,46
Mockito,5,src/org/mockito/internal/configuration/plugins/PluginLoader.java,23
Mockito,5,src/org/mockito/internal/stubbing/defaultanswers/Answers.java,25
Mockito,5,src/org/mockito/internal/stubbing/defaultanswers/Answers.java,24
Mockito,5,src/org/mockito/internal/stubbing/defaultanswers/Answers.java,23
Mockito,5,src/org/mockito/internal/stubbing/defaultanswers/Answers.java,32
Mockito,5,src/org/mockito/internal/configuration/plugins/PluginLoader.java,34
Mockito,8,src/org/mockito/internal/util/reflection/GenericMetadataSupport.java,362
Mockito,8,src/org/mockito/internal/util/reflection/GenericMetadataSupport.java,203
Mockito,8,src/org/mockito/internal/util/reflection/GenericMetadataSupport.java,209
Mockito,8,src/org/mockito/internal/util/reflection/GenericMetadataSupport.java,206
Mockito,8,src/org/mockito/internal/util/reflection/GenericMetadataSupport.java,230
Mockito,8,src/org/mockito/internal/util/reflection/GenericMetadataSupport.java,231
Mockito,8,src/org/mockito/internal/util/reflection/GenericMetadataSupport.java,200
Mockito,8,src/org/mockito/internal/util/reflection/GenericMetadataSupport.java,210
Mockito,8,src/org/mockito/internal/util/reflection/GenericMetadataSupport.java,266
Mockito,8,src/org/mockito/internal/util/reflection/GenericMetadataSupport.java,276
Time,16,src/main/java/org/joda/time/format/DateTimeFormatter.java,720
Time,16,src/main/java/org/joda/time/chrono/BasicGJChronology.java,156
Time,16,src/main/java/org/joda/time/format/DateTimeFormatter.java,711
Time,16,src/main/java/org/joda/time/chrono/BasicGJChronology.java,161
Time,16,src/main/java/org/joda/time/chrono/BasicGJChronology.java,50
Time,16,src/main/java/org/joda/time/chrono/BasicGJChronology.java,157
Time,16,src/main/java/org/joda/time/format/DateTimeFormatter.java,437
Time,16,src/main/java/org/joda/time/chrono/BasicGJChronology.java,147
Time,16,src/main/java/org/joda/time/format/DateTimeFormatter.java,704
Time,16,src/main/java/org/joda/time/format/DateTimeFormatter.java,716
Time,19,src/main/java/org/joda/time/DateTime.java,331
Time,19,src/main/java/org/joda/time/tz/DateTimeZoneBuilder.java,1443
Time,19,src/main/java/org/joda/time/format/DateTimeFormatterBuilder.java,2116
Time,19,src/main/java/org/joda/time/format/DateTimeFormatterBuilder.java,2117
Time,19,src/main/java/org/joda/time/tz/CachedDateTimeZone.java,210
Time,19,src/main/java/org/joda/time/tz/DateTimeZoneBuilder.java,1445
Time,19,src/main/java/org/joda/time/format/DateTimeFormatterBuilder.java,1925
Time,19,src/main/java/org/joda/time/tz/DateTimeZoneBuilder.java,1441
Time,19,src/main/java/org/joda/time/tz/ZoneInfoCompiler.java,366
Time,19,src/main/java/org/joda/time/format/DateTimeFormatterBuilder.java,1926
Time,4,src/main/java/org/joda/time/field/ZeroIsMaxDateTimeField.java,178
Time,4,src/main/java/org/joda/time/format/DateTimeFormatterBuilder.java,1809
Time,4,src/main/java/org/joda/time/format/DateTimeFormatterBuilder.java,1808
Time,4,src/main/java/org/joda/time/field/ZeroIsMaxDateTimeField.java,111
Time,4,src/main/java/org/joda/time/field/ZeroIsMaxDateTimeField.java,148
Time,4,src/main/java/org/joda/time/Partial.java,257
Time,4,src/main/java/org/joda/time/format/DateTimeFormatterBuilder.java,2695
Time,4,src/main/java/org/joda/time/format/DateTimeFormatterBuilder.java,2712
Time,4,src/main/java/org/joda/time/Partial.java,447
Time,4,src/main/java/org/joda/time/field/BaseDurationField.java,150
